date,TB_M3
20010101,
20010102,5.69
20010103,5.53
20010104,5.23
20010105,4.99
20010108,5.06
20010109,5.1
20010110,5.15
20010111,5.17
20010112,5.19
20010115,
20010116,5.22
20010117,5.22
20010118,5.14
20010119,5.1
20010122,5.11
20010123,5.1
20010124,5.14
20010125,5.14
20010126,5.04
20010129,4.99
20010130,4.89
20010131,4.86
20010201,4.87
20010202,4.93
20010205,4.96
20010206,4.94
20010207,4.94
20010208,4.95
20010209,4.93
20010212,4.93
20010213,4.92
20010214,4.94
20010215,4.95
20010216,4.89
20010219,
20010220,4.92
20010221,4.89
20010222,4.88
20010223,4.77
20010226,4.71
20010227,4.7
20010228,4.73
20010301,4.72
20010302,4.72
20010305,4.7
20010306,4.67
20010307,4.57
20010308,4.56
20010309,4.61
20010312,4.54
20010313,4.54
20010314,4.43
20010315,4.41
20010316,4.43
20010319,4.42
20010320,4.38
20010321,4.21
20010322,4.16
20010323,4.19
20010326,4.19
20010327,4.24
20010328,4.23
20010329,4.22
20010330,4.2
20010402,4.12
20010403,4.05
20010404,4
20010405,4.01
20010406,3.85
20010409,3.84
20010410,3.85
20010411,3.98
20010412,3.92
20010413,
20010416,4.05
20010417,4.02
20010418,3.82
20010419,3.78
20010420,3.68
20010423,3.66
20010424,3.71
20010425,3.75
20010426,3.74
20010427,3.76
20010430,3.86
20010501,3.83
20010502,3.8
20010503,3.75
20010504,3.65
20010507,3.65
20010508,3.62
20010509,3.64
20010510,3.66
20010511,3.69
20010514,3.63
20010515,3.55
20010516,3.49
20010517,3.49
20010518,3.53
20010521,3.57
20010522,3.56
20010523,3.56
20010524,3.62
20010525,3.58
20010528,
20010529,3.63
20010530,3.6
20010531,3.55
20010601,3.59
20010604,3.6
20010605,3.55
20010606,3.54
20010607,3.55
20010608,3.56
20010611,3.52
20010612,3.48
20010613,3.47
20010614,3.48
20010615,3.44
20010618,3.44
20010619,3.43
20010620,3.41
20010621,3.43
20010622,3.37
20010625,3.38
20010626,3.38
20010627,3.44
20010628,3.56
20010629,3.57
20010702,3.59
20010703,3.58
20010704,
20010705,3.57
20010706,3.55
20010709,3.57
20010710,3.55
20010711,3.5
20010712,3.52
20010713,3.54
20010716,3.56
20010717,3.53
20010718,3.46
20010719,3.47
20010720,3.45
20010723,3.48
20010724,3.48
20010725,3.48
20010726,3.48
20010727,3.47
20010730,3.49
20010731,3.46
20010801,3.45
20010802,3.45
20010803,3.44
20010806,3.44
20010807,3.44
20010808,3.41
20010809,3.38
20010810,3.36
20010813,3.37
20010814,3.35
20010815,3.35
20010816,3.32
20010817,3.29
20010820,3.34
20010821,3.31
20010822,3.31
20010823,3.33
20010824,3.35
20010827,3.37
20010828,3.33
20010829,3.34
20010830,3.29
20010831,3.3
20010903,
20010904,3.36
20010905,3.33
20010906,3.27
20010907,3.2
20010910,3.19
20010911,
20010912,
20010913,2.68
20010914,2.59
20010917,2.54
20010918,2.43
20010919,2.15
20010920,2.18
20010921,2.21
20010924,2.33
20010925,2.35
20010926,2.33
20010927,2.33
20010928,2.35
20011001,2.32
20011002,2.22
20011003,2.19
20011004,2.17
20011005,2.15
20011008,
20011009,2.18
20011010,2.18
20011011,2.23
20011012,2.21
20011015,2.21
20011016,2.18
20011017,2.18
20011018,2.15
20011019,2.15
20011022,2.18
20011023,2.16
20011024,2.13
20011025,2.1
20011026,2.1
20011029,2.05
20011030,2.01
20011031,2.01
20011101,2.02
20011102,1.97
20011105,1.97
20011106,1.82
20011107,1.77
20011108,1.81
20011109,1.8
20011112,
20011113,1.81
20011114,1.84
20011115,1.88
20011116,1.91
20011119,1.9
20011120,1.91
20011121,1.92
20011122,
20011123,1.91
20011126,1.94
20011127,1.88
20011128,1.84
20011129,1.77
20011130,1.75
20011203,1.75
20011204,1.71
20011205,1.74
20011206,1.72
20011207,1.66
20011210,1.68
20011211,1.63
20011212,1.64
20011213,1.66
20011214,1.7
20011217,1.71
20011218,1.68
20011219,1.66
20011220,1.66
20011221,1.68
20011224,1.69
20011225,
20011226,1.72
20011227,1.71
20011228,1.69
20011231,1.71
20020101,
20020102,1.71
20020103,1.7
20020104,1.69
20020107,1.66
20020108,1.65
20020109,1.65
20020110,1.65
20020111,1.55
20020114,1.55
20020115,1.57
20020116,1.58
20020117,1.61
20020118,1.59
20020121,
20020122,1.66
20020123,1.68
20020124,1.69
20020125,1.69
20020128,1.7
20020129,1.69
20020130,1.72
20020131,1.73
20020201,1.73
20020204,1.74
20020205,1.73
20020206,1.71
20020207,1.7
20020208,1.7
20020211,1.7
20020212,1.72
20020213,1.73
20020214,1.72
20020215,1.71
20020218,
20020219,1.71
20020220,1.73
20020221,1.73
20020222,1.73
20020225,1.74
20020226,1.74
20020227,1.74
20020228,1.76
20020301,1.74
20020304,1.76
20020305,1.77
20020306,1.75
20020307,1.75
20020308,1.77
20020311,1.8
20020312,1.81
20020313,1.79
20020314,1.82
20020315,1.82
20020318,1.83
20020319,1.82
20020320,1.81
20020321,1.8
20020322,1.8
20020325,1.79
20020326,1.78
20020327,1.78
20020328,1.76
20020329,
20020401,1.75
20020402,1.77
20020403,1.76
20020404,1.75
20020405,1.73
20020408,1.72
20020409,1.7
20020410,1.68
20020411,1.69
20020412,1.68
20020415,1.68
20020416,1.71
20020417,1.7
20020418,1.69
20020419,1.7
20020422,1.69
20020423,1.7
20020424,1.69
20020425,1.71
20020426,1.72
20020429,1.74
20020430,1.74
20020501,1.74
20020502,1.74
20020503,1.73
20020506,1.73
20020507,1.73
20020508,1.73
20020509,1.74
20020510,1.74
20020513,1.74
20020514,1.75
20020515,1.73
20020516,1.72
20020517,1.73
20020520,1.72
20020521,1.72
20020522,1.71
20020523,1.71
20020524,1.71
20020527,
20020528,1.73
20020529,1.72
20020530,1.72
20020531,1.71
20020603,1.72
20020604,1.73
20020605,1.72
20020606,1.71
20020607,1.71
20020610,1.72
20020611,1.72
20020612,1.71
20020613,1.69
20020614,1.68
20020617,1.7
20020618,1.7
20020619,1.68
20020620,1.7
20020621,1.69
20020624,1.7
20020625,1.7
20020626,1.67
20020627,1.67
20020628,1.67
20020701,1.68
20020702,1.69
20020703,1.69
20020704,
20020705,1.69
20020708,1.7
20020709,1.69
20020710,1.69
20020711,1.69
20020712,1.68
20020715,1.68
20020716,1.69
20020717,1.69
20020718,1.69
20020719,1.68
20020722,1.68
20020723,1.67
20020724,1.66
20020725,1.67
20020726,1.66
20020729,1.69
20020730,1.69
20020731,1.68
20020801,1.65
20020802,1.6
20020805,1.61
20020806,1.62
20020807,1.56
20020808,1.59
20020809,1.59
20020812,1.64
20020813,1.6
20020814,1.61
20020815,1.59
20020816,1.59
20020819,1.63
20020820,1.59
20020821,1.6
20020822,1.62
20020823,1.62
20020826,1.64
20020827,1.65
20020828,1.64
20020829,1.65
20020830,1.66
20020902,
20020903,1.61
20020904,1.6
20020905,1.58
20020906,1.63
20020909,1.66
20020910,1.65
20020911,1.66
20020912,1.66
20020913,1.66
20020916,1.68
20020917,1.67
20020918,1.65
20020919,1.62
20020920,1.62
20020923,1.62
20020924,1.62
20020925,1.63
20020926,1.62
20020927,1.6
20020930,1.54
20021001,1.56
20021002,1.55
20021003,1.54
20021004,1.58
20021007,1.6
20021008,1.58
20021009,1.54
20021010,1.55
20021011,1.55
20021014,
20021015,1.65
20021016,1.63
20021017,1.64
20021018,1.64
20021021,1.68
20021022,1.66
20021023,1.65
20021024,1.62
20021025,1.61
20021028,1.56
20021029,1.48
20021030,1.48
20021031,1.42
20021101,1.41
20021104,1.41
20021105,1.4
20021106,1.21
20021107,1.2
20021108,1.2
20021111,
20021112,1.2
20021113,1.19
20021114,1.2
20021115,1.2
20021118,1.21
20021119,1.19
20021120,1.2
20021121,1.2
20021122,1.21
20021125,1.22
20021126,1.2
20021127,1.21
20021128,
20021129,1.2
20021202,1.22
20021203,1.21
20021204,1.2
20021205,1.2
20021206,1.19
20021209,1.21
20021210,1.19
20021211,1.19
20021212,1.19
20021213,1.19
20021216,1.21
20021217,1.2
20021218,1.19
20021219,1.19
20021220,1.19
20021223,1.17
20021224,1.17
20021225,
20021226,1.16
20021227,1.14
20021230,1.2
20021231,1.2
20030101,
20030102,1.2
20030103,1.2
20030106,1.19
20030107,1.17
20030108,1.17
20030109,1.18
20030110,1.18
20030113,1.19
20030114,1.17
20030115,1.18
20030116,1.16
20030117,1.16
20030120,
20030121,1.17
20030122,1.15
20030123,1.15
20030124,1.14
20030127,1.15
20030128,1.16
20030129,1.16
20030130,1.16
20030131,1.16
20030203,1.16
20030204,1.14
20030205,1.16
20030206,1.15
20030207,1.15
20030210,1.15
20030211,1.16
20030212,1.16
20030213,1.15
20030214,1.16
20030217,
20030218,1.17
20030219,1.16
20030220,1.17
20030221,1.17
20030224,1.19
20030225,1.18
20030226,1.19
20030227,1.19
20030228,1.18
20030303,1.18
20030304,1.17
20030305,1.16
20030306,1.16
20030307,1.1
20030310,1.06
20030311,1.08
20030312,1.08
20030313,1.1
20030314,1.11
20030317,1.13
20030318,1.12
20030319,1.14
20030320,1.15
20030321,1.16
20030324,1.15
20030325,1.16
20030326,1.16
20030327,1.14
20030328,1.12
20030331,1.12
20030401,1.1
20030402,1.11
20030403,1.09
20030404,1.09
20030407,1.15
20030408,1.13
20030409,1.11
20030410,1.12
20030411,1.15
20030414,1.18
20030415,1.16
20030416,1.15
20030417,1.16
20030418,
20030421,1.16
20030422,1.16
20030423,1.15
20030424,1.13
20030425,1.12
20030428,1.12
20030429,1.13
20030430,1.11
20030501,1.08
20030502,1.1
20030505,1.11
20030506,1.08
20030507,1.09
20030508,1.07
20030509,1.09
20030512,1.08
20030513,1.07
20030514,1.04
20030515,1.04
20030516,1.03
20030519,1.03
20030520,1.02
20030521,1.04
20030522,1.06
20030523,1.06
20030526,
20030527,1.07
20030528,1.1
20030529,1.08
20030530,1.09
20030602,1.12
20030603,1.06
20030604,1.03
20030605,1.02
20030606,1.03
20030609,1.01
20030610,0.95
20030611,0.92
20030612,0.9
20030613,0.84
20030616,0.85
20030617,0.88
20030618,0.87
20030619,0.8
20030620,0.81
20030623,0.83
20030624,0.81
20030625,0.9
20030626,0.89
20030627,0.85
20030630,0.89
20030701,0.87
20030702,0.85
20030703,0.85
20030704,
20030707,0.9
20030708,0.9
20030709,0.88
20030710,0.87
20030711,0.87
20030714,0.89
20030715,0.9
20030716,0.89
20030717,0.88
20030718,0.89
20030721,0.91
20030722,0.91
20030723,0.91
20030724,0.91
20030725,0.91
20030728,0.95
20030729,0.97
20030730,0.96
20030731,0.94
20030801,0.93
20030804,0.95
20030805,0.94
20030806,0.93
20030807,0.93
20030808,0.94
20030811,0.94
20030812,0.93
20030813,0.94
20030814,0.94
20030815,0.93
20030818,0.94
20030819,0.94
20030820,0.94
20030821,0.95
20030822,0.96
20030825,1
20030826,0.99
20030827,0.98
20030828,0.97
20030829,0.96
20030901,
20030902,0.96
20030903,0.95
20030904,0.95
20030905,0.94
20030908,0.95
20030909,0.94
20030910,0.94
20030911,0.94
20030912,0.94
20030915,0.94
20030916,0.91
20030917,0.93
20030918,0.94
20030919,0.93
20030922,0.94
20030923,0.92
20030924,0.93
20030925,0.92
20030926,0.92
20030929,0.95
20030930,0.93
20031001,0.93
20031002,0.92
20031003,0.92
20031006,0.92
20031007,0.9
20031008,0.89
20031009,0.89
20031010,0.9
20031013,
20031014,0.91
20031015,0.91
20031016,0.91
20031017,0.91
20031020,0.93
20031021,0.91
20031022,0.94
20031023,0.94
20031024,0.93
20031027,0.96
20031028,0.94
20031029,0.94
20031030,0.94
20031031,0.94
20031103,0.94
20031104,0.93
20031105,0.94
20031106,0.94
20031107,0.94
20031110,0.95
20031111,
20031112,0.93
20031113,0.92
20031114,0.93
20031117,0.94
20031118,0.94
20031119,0.93
20031120,0.93
20031121,0.92
20031124,0.94
20031125,0.93
20031126,0.92
20031127,
20031128,0.91
20031201,0.93
20031202,0.92
20031203,0.92
20031204,0.91
20031205,0.9
20031208,0.91
20031209,0.91
20031210,0.91
20031211,0.88
20031212,0.89
20031215,0.89
20031216,0.89
20031217,0.88
20031218,0.87
20031219,0.86
20031222,0.89
20031223,0.88
20031224,0.88
20031225,
20031226,0.85
20031229,0.89
20031230,0.92
20031231,0.93
20040101,
20040102,0.91
20040105,0.9
20040106,0.9
20040107,0.89
20040108,0.86
20040109,0.85
20040112,0.88
20040113,0.87
20040114,0.86
20040115,0.86
20040116,0.87
20040119,
20040120,0.88
20040121,0.87
20040122,0.86
20040123,0.88
20040126,0.89
20040127,0.89
20040128,0.92
20040129,0.92
20040130,0.9
20040202,0.93
20040203,0.92
20040204,0.92
20040205,0.92
20040206,0.91
20040209,0.93
20040210,0.93
20040211,0.91
20040212,0.91
20040213,0.9
20040216,
20040217,0.93
20040218,0.92
20040219,0.92
20040220,0.92
20040223,0.95
20040224,0.95
20040225,0.94
20040226,0.94
20040227,0.94
20040301,0.95
20040302,0.95
20040303,0.95
20040304,0.94
20040305,0.93
20040308,0.95
20040309,0.94
20040310,0.94
20040311,0.95
20040312,0.94
20040315,0.95
20040316,0.94
20040317,0.92
20040318,0.92
20040319,0.92
20040322,0.94
20040323,0.93
20040324,0.92
20040325,0.92
20040326,0.93
20040329,0.95
20040330,0.94
20040331,0.93
20040401,0.92
20040402,0.93
20040405,0.93
20040406,0.92
20040407,0.93
20040408,0.92
20040409,
20040412,0.93
20040413,0.93
20040414,0.94
20040415,0.93
20040416,0.92
20040419,0.95
20040420,0.96
20040421,0.98
20040422,0.95
20040423,0.96
20040426,0.98
20040427,0.97
20040428,0.96
20040429,0.95
20040430,0.96
20040503,0.99
20040504,0.99
20040505,0.97
20040506,0.98
20040507,1.05
20040510,1.07
20040511,1.04
20040512,1.02
20040513,0.98
20040514,0.97
20040517,1.05
20040518,1.04
20040519,1.02
20040520,1.01
20040521,1.01
20040524,1.06
20040525,1.06
20040526,1.06
20040527,1.04
20040528,1.06
20040531,
20040601,1.15
20040602,1.15
20040603,1.15
20040604,1.18
20040607,1.23
20040608,1.25
20040609,1.25
20040610,1.27
20040611,
20040614,1.4
20040615,1.32
20040616,1.28
20040617,1.25
20040618,1.26
20040621,1.32
20040622,1.3
20040623,1.27
20040624,1.26
20040625,1.28
20040628,1.36
20040629,1.36
20040630,1.31
20040701,1.2
20040702,1.27
20040705,
20040706,1.32
20040707,1.28
20040708,1.25
20040709,1.25
20040712,1.32
20040713,1.32
20040714,1.32
20040715,1.32
20040716,1.32
20040719,1.33
20040720,1.34
20040721,1.33
20040722,1.34
20040723,1.35
20040726,1.43
20040727,1.44
20040728,1.43
20040729,1.42
20040730,1.42
20040802,1.48
20040803,1.46
20040804,1.46
20040805,1.45
20040806,1.41
20040809,1.49
20040810,1.48
20040811,1.42
20040812,1.41
20040813,1.41
20040816,1.47
20040817,1.46
20040818,1.46
20040819,1.45
20040820,1.46
20040823,1.52
20040824,1.52
20040825,1.52
20040826,1.52
20040827,1.53
20040830,1.59
20040831,1.57
20040901,1.55
20040902,1.57
20040903,1.62
20040906,
20040907,1.64
20040908,1.62
20040909,1.61
20040910,1.63
20040913,1.64
20040914,1.63
20040915,1.64
20040916,1.64
20040917,1.68
20040920,1.7
20040921,1.69
20040922,1.68
20040923,1.69
20040924,1.7
20040927,1.72
20040928,1.69
20040929,1.69
20040930,1.68
20041001,1.67
20041004,1.69
20041005,1.68
20041006,1.68
20041007,1.67
20041008,1.67
20041011,
20041012,1.69
20041013,1.69
20041014,1.71
20041015,1.72
20041018,1.78
20041019,1.79
20041020,1.79
20041021,1.81
20041022,1.81
20041025,1.87
20041026,1.88
20041027,1.88
20041028,1.87
20041029,1.87
20041101,1.96
20041102,1.94
20041103,1.92
20041104,1.94
20041105,1.99
20041108,2.04
20041109,2.04
20041110,2.04
20041111,
20041112,2.04
20041115,2.09
20041116,2.1
20041117,2.09
20041118,2.09
20041119,2.1
20041122,2.16
20041123,2.15
20041124,2.14
20041125,
20041126,2.16
20041129,2.2
20041130,2.19
20041201,2.18
20041202,2.18
20041203,2.17
20041206,2.22
20041207,2.21
20041208,2.2
20041209,2.2
20041210,2.21
20041213,2.21
20041214,2.18
20041215,2.17
20041216,2.16
20041217,2.16
20041220,2.19
20041221,2.17
20041222,2.15
20041223,2.15
20041224,
20041227,2.24
20041228,2.22
20041229,2.19
20041230,2.18
20041231,2.18
20050103,2.29
20050104,2.3
20050105,2.29
20050106,2.27
20050107,2.28
20050110,2.33
20050111,2.31
20050112,2.3
20050113,2.31
20050114,2.32
20050117,
20050118,2.36
20050119,2.33
20050120,2.31
20050121,2.31
20050124,2.34
20050125,2.36
20050126,2.37
20050127,2.4
20050128,2.41
20050131,2.48
20050201,2.47
20050202,2.47
20050203,2.44
20050204,2.43
20050207,2.48
20050208,2.48
20050209,2.47
20050210,2.47
20050211,2.5
20050214,2.55
20050215,2.55
20050216,2.53
20050217,2.53
20050218,2.56
20050221,
20050222,2.63
20050223,2.63
20050224,2.64
20050225,2.69
20050228,2.72
20050301,2.7
20050302,2.68
20050303,2.7
20050304,2.7
20050307,2.71
20050308,2.7
20050309,2.7
20050310,2.69
20050311,2.7
20050314,2.75
20050315,2.75
20050316,2.74
20050317,2.73
20050318,2.75
20050321,2.8
20050322,2.83
20050323,2.77
20050324,2.78
20050325,
20050328,2.79
20050329,2.78
20050330,2.77
20050331,2.73
20050401,2.74
20050404,2.75
20050405,2.74
20050406,2.71
20050407,2.71
20050408,2.73
20050411,2.71
20050412,2.71
20050413,2.72
20050414,2.72
20050415,2.73
20050418,2.85
20050419,2.85
20050420,2.81
20050421,2.82
20050422,2.87
20050425,2.88
20050426,2.86
20050427,2.83
20050428,2.82
20050429,2.84
20050502,2.88
20050503,2.85
20050504,2.81
20050505,2.75
20050506,2.8
20050509,2.86
20050510,2.84
20050511,2.81
20050512,2.82
20050513,2.76
20050516,2.84
20050517,2.82
20050518,2.8
20050519,2.81
20050520,2.83
20050523,2.91
20050524,2.88
20050525,2.89
20050526,2.88
20050527,2.9
20050530,
20050531,2.93
20050601,2.91
20050602,2.91
20050603,2.94
20050606,2.96
20050607,2.96
20050608,2.96
20050609,2.93
20050610,2.94
20050613,2.97
20050614,2.95
20050615,2.94
20050616,2.91
20050617,2.92
20050620,2.96
20050621,2.96
20050622,2.97
20050623,3
20050624,3.02
20050627,3.09
20050628,3.08
20050629,3.06
20050630,3.06
20050701,3.1
20050704,
20050705,3.15
20050706,3.12
20050707,3.08
20050708,3.1
20050711,3.13
20050712,3.14
20050713,3.15
20050714,3.16
20050715,3.18
20050718,3.23
20050719,3.24
20050720,3.23
20050721,3.27
20050722,3.3
20050725,3.37
20050726,3.36
20050727,3.33
20050728,3.33
20050729,3.34
20050801,3.41
20050802,3.41
20050803,3.38
20050804,3.39
20050805,3.44
20050808,3.47
20050809,3.44
20050810,3.43
20050811,3.43
20050812,3.44
20050815,3.47
20050816,3.46
20050817,3.44
20050818,3.42
20050819,3.44
20050822,3.46
20050823,3.46
20050824,3.45
20050825,3.46
20050826,3.47
20050829,3.47
20050830,3.46
20050831,3.44
20050901,3.4
20050902,3.38
20050905,
20050906,3.45
20050907,3.41
20050908,3.4
20050909,3.41
20050912,3.44
20050913,3.4
20050914,3.35
20050915,3.37
20050916,3.42
20050919,3.51
20050920,3.54
20050921,3.34
20050922,3.39
20050923,3.4
20050926,3.46
20050927,3.42
20050928,3.39
20050929,3.46
20050930,3.47
20051003,3.54
20051004,3.55
20051005,3.5
20051006,3.52
20051007,3.54
20051010,
20051011,3.65
20051012,3.62
20051013,3.66
20051014,3.69
20051017,3.78
20051018,3.77
20051019,3.77
20051020,3.76
20051021,3.77
20051024,3.84
20051025,3.84
20051026,3.81
20051027,3.79
20051028,3.83
20051031,3.89
20051101,3.87
20051102,3.85
20051103,3.85
20051104,3.88
20051107,3.87
20051108,3.87
20051109,3.9
20051110,3.88
20051111,
20051114,3.93
20051115,3.92
20051116,3.91
20051117,3.92
20051118,3.91
20051121,3.91
20051122,3.84
20051123,3.86
20051124,
20051125,3.86
20051128,3.89
20051129,3.89
20051130,3.86
20051201,3.88
20051202,3.9
20051205,3.95
20051206,3.95
20051207,3.94
20051208,3.85
20051209,3.85
20051212,3.83
20051213,3.83
20051214,3.81
20051215,3.84
20051216,3.84
20051219,3.89
20051220,3.88
20051221,3.9
20051222,3.89
20051223,3.9
20051226,
20051227,3.9
20051228,3.87
20051229,3.92
20051230,3.99
20060102,
20060103,4.07
20060104,4.09
20060105,4.1
20060106,4.12
20060109,4.14
20060110,4.19
20060111,4.2
20060112,4.22
20060113,4.23
20060116,
20060117,4.28
20060118,4.25
20060119,4.25
20060120,4.25
20060123,4.28
20060124,4.3
20060125,4.32
20060126,4.34
20060127,4.34
20060130,4.38
20060131,4.37
20060201,4.37
20060202,4.37
20060203,4.37
20060206,4.38
20060207,4.39
20060208,4.4
20060209,4.41
20060210,4.42
20060213,4.45
20060214,4.45
20060215,4.44
20060216,4.44
20060217,4.43
20060220,
20060221,4.46
20060222,4.46
20060223,4.48
20060224,4.49
20060227,4.51
20060228,4.51
20060301,4.49
20060302,4.5
20060303,4.5
20060306,4.49
20060307,4.49
20060308,4.47
20060309,4.48
20060310,4.5
20060313,4.5
20060314,4.48
20060315,4.51
20060316,4.5
20060317,4.52
20060320,4.55
20060321,4.57
20060322,4.57
20060323,4.55
20060324,4.54
20060327,4.51
20060328,4.53
20060329,4.51
20060330,4.5
20060331,4.52
20060403,4.55
20060404,4.56
20060405,4.55
20060406,4.56
20060407,4.57
20060410,4.58
20060411,4.58
20060412,4.58
20060413,4.58
20060414,
20060417,4.61
20060418,4.61
20060419,4.61
20060420,4.61
20060421,4.63
20060424,4.64
20060425,4.67
20060426,4.67
20060427,4.66
20060428,4.65
20060501,4.7
20060502,4.69
20060503,4.7
20060504,4.68
20060505,4.7
20060508,4.75
20060509,4.76
20060510,4.76
20060511,4.7
20060512,4.72
20060515,4.74
20060516,4.71
20060517,4.71
20060518,4.71
20060519,4.7
20060522,4.71
20060523,4.72
20060524,4.7
20060525,4.7
20060526,4.72
20060529,
20060530,4.72
20060531,4.74
20060601,4.71
20060602,4.69
20060605,4.73
20060606,4.74
20060607,4.74
20060608,4.74
20060609,4.75
20060612,4.81
20060613,4.77
20060614,4.77
20060615,4.72
20060616,4.75
20060619,4.81
20060620,4.8
20060621,4.79
20060622,4.79
20060623,4.84
20060626,4.91
20060627,4.92
20060628,4.88
20060629,4.88
20060630,4.87
20060703,4.96
20060704,
20060705,4.88
20060706,4.87
20060707,4.89
20060710,4.93
20060711,4.92
20060712,4.93
20060713,4.92
20060714,4.93
20060717,4.98
20060718,5
20060719,4.98
20060720,4.95
20060721,4.96
20060724,4.97
20060725,5
20060726,4.98
20060727,4.97
20060728,4.94
20060731,4.97
20060801,4.99
20060802,4.97
20060803,4.98
20060804,4.96
20060807,4.99
20060808,4.97
20060809,4.94
20060810,4.92
20060811,4.94
20060814,4.99
20060815,4.97
20060816,4.94
20060817,4.96
20060818,4.97
20060821,4.98
20060822,4.97
20060823,4.96
20060824,4.96
20060825,4.98
20060828,4.97
20060829,4.94
20060830,4.92
20060831,4.92
20060901,4.89
20060904,
20060905,4.87
20060906,4.84
20060907,4.84
20060908,4.8
20060911,4.81
20060912,4.78
20060913,4.79
20060914,4.82
20060915,4.83
20060918,4.82
20060919,4.82
20060920,4.81
20060921,4.79
20060922,4.8
20060925,4.76
20060926,4.76
20060927,4.76
20060928,4.75
20060929,4.77
20061002,4.76
20061003,4.78
20061004,4.8
20061005,4.81
20061006,4.82
20061009,
20061010,4.87
20061011,4.89
20061012,4.93
20061013,4.92
20061016,4.96
20061017,4.96
20061018,4.96
20061019,4.97
20061020,4.96
20061023,4.99
20061024,5
20061025,4.99
20061026,4.99
20061027,4.98
20061030,4.97
20061031,4.95
20061101,4.94
20061102,4.94
20061103,4.96
20061106,4.96
20061107,4.95
20061108,4.97
20061109,4.96
20061110,4.97
20061113,4.96
20061114,4.96
20061115,4.96
20061116,4.96
20061117,4.96
20061120,4.95
20061121,4.94
20061122,4.92
20061123,
20061124,4.91
20061127,4.92
20061128,4.91
20061129,4.91
20061130,4.9
20061201,4.9
20061204,4.88
20061205,4.86
20061206,4.86
20061207,4.85
20061208,4.84
20061211,4.81
20061212,4.81
20061213,4.82
20061214,4.83
20061215,4.79
20061218,4.84
20061219,4.84
20061220,4.84
20061221,4.84
20061222,4.86
20061225,
20061226,4.87
20061227,4.85
20061228,4.87
20061229,4.89
20070101,
20070102,4.94
20070103,4.92
20070104,4.91
20070105,4.92
20070108,4.95
20070109,4.95
20070110,4.96
20070111,4.98
20070112,4.96
20070115,
20070116,4.98
20070117,4.99
20070118,4.99
20070119,5.01
20070122,5
20070123,5.01
20070124,5
20070125,5.01
20070126,5
20070129,5.01
20070130,5
20070131,4.99
20070201,5
20070202,5.01
20070205,5.02
20070206,5.01
20070207,5.02
20070208,5.03
20070209,5.02
20070212,5.04
20070213,5.03
20070214,5.02
20070215,5.03
20070216,5.04
20070219,
20070220,5.05
20070221,5.04
20070222,5.05
20070223,5.05
20070226,5.05
20070227,4.99
20070228,5.01
20070301,5
20070302,4.98
20070305,4.97
20070306,4.99
20070307,4.97
20070308,4.95
20070309,4.96
20070312,4.96
20070313,4.94
20070314,4.92
20070315,4.91
20070316,4.9
20070319,4.93
20070320,4.92
20070321,4.91
20070322,4.92
20070323,4.94
20070326,4.93
20070327,4.93
20070328,4.92
20070329,4.91
20070330,4.9
20070402,4.91
20070403,4.91
20070404,4.92
20070405,4.9
20070406,4.91
20070409,4.89
20070410,4.89
20070411,4.9
20070412,4.89
20070413,4.88
20070416,4.88
20070417,4.87
20070418,4.86
20070419,4.85
20070420,4.85
20070423,4.85
20070424,4.84
20070425,4.83
20070426,4.82
20070427,4.81
20070430,4.79
20070501,4.76
20070502,4.77
20070503,4.76
20070504,4.76
20070507,4.77
20070508,4.76
20070509,4.74
20070510,4.73
20070511,4.73
20070514,4.73
20070515,4.7
20070516,4.62
20070517,4.68
20070518,4.7
20070521,4.76
20070522,4.79
20070523,4.77
20070524,4.77
20070525,4.75
20070528,
20070529,4.76
20070530,4.71
20070531,4.6
20070601,4.66
20070604,4.68
20070605,4.7
20070606,4.67
20070607,4.67
20070608,4.64
20070611,4.6
20070612,4.59
20070613,4.53
20070614,4.52
20070615,4.43
20070618,4.51
20070619,4.52
20070620,4.61
20070621,4.57
20070622,4.59
20070625,4.69
20070626,4.69
20070627,4.64
20070628,4.64
20070629,4.68
20070702,4.81
20070703,4.81
20070704,
20070705,4.81
20070706,4.81
20070709,4.83
20070710,4.81
20070711,4.81
20070712,4.83
20070713,4.83
20070716,4.84
20070717,4.82
20070718,4.82
20070719,4.84
20070720,4.83
20070723,4.88
20070724,4.88
20070725,4.85
20070726,4.78
20070727,4.72
20070730,4.82
20070731,4.82
20070801,4.75
20070802,4.75
20070803,4.72
20070806,4.74
20070807,4.8
20070808,4.81
20070809,4.67
20070810,4.44
20070813,4.61
20070814,4.51
20070815,4.1
20070816,3.69
20070817,3.65
20070820,3.08
20070821,3.51
20070822,3.58
20070823,3.79
20070824,4.13
20070827,4.5
20070828,4.28
20070829,3.88
20070830,3.74
20070831,3.91
20070903,
20070904,4.35
20070905,4.24
20070906,4.18
20070907,3.96
20070910,3.86
20070911,4
20070912,3.93
20070913,3.97
20070914,3.9
20070917,4.05
20070918,3.91
20070919,3.83
20070920,3.69
20070921,3.64
20070924,3.76
20070925,3.7
20070926,3.64
20070927,3.62
20070928,3.72
20071001,3.83
20071002,3.86
20071003,3.86
20071004,3.85
20071005,3.89
20071008,
20071009,3.96
20071010,3.95
20071011,4.01
20071012,4.09
20071015,4.19
20071016,4.14
20071017,3.91
20071018,3.66
20071019,3.75
20071022,3.9
20071023,3.88
20071024,3.75
20071025,3.84
20071026,3.86
20071029,3.91
20071030,3.86
20071031,3.84
20071101,3.71
20071102,3.52
20071105,3.62
20071106,3.66
20071107,3.4
20071108,3.3
20071109,3.19
20071112,
20071113,3.41
20071114,3.33
20071115,3.22
20071116,3.32
20071119,3.32
20071120,3.17
20071121,3.02
20071122,
20071123,3.15
20071126,3.06
20071127,3.08
20071128,2.98
20071129,2.92
20071130,3.08
20071203,2.99
20071204,3
20071205,3
20071206,3.02
20071207,3.04
20071210,2.98
20071211,2.87
20071212,2.81
20071213,2.8
20071214,2.81
20071217,3.01
20071218,2.98
20071219,2.85
20071220,2.85
20071221,2.92
20071224,3.26
20071225,
20071226,3.24
20071227,3.09
20071228,3.1
20071231,3.29
20080101,
20080102,3.18
20080103,3.16
20080104,3.12
20080107,3.19
20080108,3.17
20080109,3.14
20080110,3.16
20080111,3.02
20080114,3.11
20080115,3.09
20080116,3.06
20080117,3
20080118,2.79
20080121,
20080122,2.3
20080123,2.16
20080124,2.32
20080125,2.25
20080128,2.29
20080129,2.23
20080130,2.16
20080131,1.92
20080201,2.06
20080204,2.22
20080205,2.14
20080206,2.05
20080207,2.12
20080208,2.18
20080211,2.25
20080212,2.25
20080213,2.22
20080214,2.26
20080215,2.16
20080218,
20080219,2.23
20080220,2.2
20080221,2.15
20080222,2.15
20080225,2.15
20080226,2.09
20080227,1.94
20080228,1.86
20080229,1.81
20080303,1.67
20080304,1.63
20080305,1.5
20080306,1.37
20080307,1.42
20080310,1.33
20080311,1.45
20080312,1.45
20080313,1.33
20080314,1.16
20080317,1.09
20080318,0.91
20080319,0.6
20080320,0.62
20080321,
20080324,1.23
20080325,1.27
20080326,1.27
20080327,1.28
20080328,1.31
20080331,1.36
20080401,1.38
20080402,1.39
20080403,1.38
20080404,1.33
20080407,1.43
20080408,1.39
20080409,1.29
20080410,1.25
20080411,1.17
20080414,1.07
20080415,1.09
20080416,1.11
20080417,1.21
20080418,1.32
20080421,1.33
20080422,1.26
20080423,1.24
20080424,1.24
20080425,1.31
20080428,1.42
20080429,1.44
20080430,1.41
20080501,1.42
20080502,1.47
20080505,1.51
20080506,1.6
20080507,1.64
20080508,1.63
20080509,1.66
20080512,1.74
20080513,1.8
20080514,1.79
20080515,1.8
20080516,1.81
20080519,1.79
20080520,1.83
20080521,1.83
20080522,1.83
20080523,1.82
20080526,
20080527,1.86
20080528,1.86
20080529,1.87
20080530,1.85
20080602,1.82
20080603,1.82
20080604,1.81
20080605,1.82
20080606,1.81
20080609,1.86
20080610,1.98
20080611,1.92
20080612,1.96
20080613,1.95
20080616,2.04
20080617,1.96
20080618,1.89
20080619,1.87
20080620,1.83
20080623,1.85
20080624,1.8
20080625,1.78
20080626,1.7
20080627,1.64
20080630,1.87
20080701,1.84
20080702,1.79
20080703,1.81
20080704,
20080707,1.84
20080708,1.83
20080709,1.79
20080710,1.64
20080711,1.58
20080714,1.5
20080715,1.37
20080716,1.35
20080717,1.4
20080718,1.45
20080721,1.46
20080722,1.52
20080723,1.56
20080724,1.62
20080725,1.71
20080728,1.7
20080729,1.69
20080730,1.67
20080731,1.65
20080801,1.63
20080804,1.72
20080805,1.72
20080806,1.61
20080807,1.63
20080808,1.67
20080811,1.84
20080812,1.83
20080813,1.82
20080814,1.85
20080815,1.81
20080818,1.79
20080819,1.77
20080820,1.68
20080821,1.69
20080822,1.67
20080825,1.71
20080826,1.68
20080827,1.64
20080828,1.71
20080829,1.69
20080901,
20080902,1.69
20080903,1.67
20080904,1.66
20080905,1.65
20080908,1.69
20080909,1.63
20080910,1.62
20080911,1.58
20080912,1.46
20080915,1.03
20080916,0.84
20080917,0.03
20080918,0.23
20080919,0.97
20080922,1.29
20080923,0.81
20080924,0.5
20080925,0.75
20080926,0.86
20080929,0.96
20080930,0.9
20081001,0.84
20081002,0.62
20081003,0.5
20081006,0.54
20081007,0.81
20081008,0.67
20081009,0.58
20081010,0.24
20081013,
20081014,0.34
20081015,0.22
20081016,0.45
20081017,0.8
20081020,1.24
20081021,1.09
20081022,1.03
20081023,0.96
20081024,0.86
20081027,0.84
20081028,0.76
20081029,0.61
20081030,0.4
20081031,0.44
20081103,0.49
20081104,0.48
20081105,0.39
20081106,0.31
20081107,0.3
20081110,0.29
20081111,
20081112,0.18
20081113,0.21
20081114,0.14
20081117,0.12
20081118,0.12
20081119,0.07
20081120,0.03
20081121,0.02
20081124,0.13
20081125,0.1
20081126,0.05
20081127,
20081128,0.01
20081201,0.07
20081202,0.06
20081203,0.02
20081204,0.02
20081205,0.02
20081208,0.03
20081209,0.03
20081210,0
20081211,0.01
20081212,0.02
20081215,0.04
20081216,0.04
20081217,0.05
20081218,0
20081219,0.02
20081222,0.01
20081223,0.02
20081224,0
20081225,
20081226,0.03
20081229,0.06
20081230,0.1
20081231,0.11
20090101,
20090102,0.08
20090105,0.14
20090106,0.14
20090107,0.11
20090108,0.09
20090109,0.07
20090112,0.12
20090113,0.11
20090114,0.12
20090115,0.11
20090116,0.12
20090119,
20090120,0.13
20090121,0.11
20090122,0.1
20090123,0.11
20090126,0.15
20090127,0.13
20090128,0.19
20090129,0.23
20090130,0.24
20090202,0.27
20090203,0.32
20090204,0.3
20090205,0.29
20090206,0.28
20090209,0.32
20090210,0.31
20090211,0.3
20090212,0.29
20090213,0.29
20090216,
20090217,0.32
20090218,0.31
20090219,0.3
20090220,0.27
20090223,0.3
20090224,0.32
20090225,0.3
20090226,0.27
20090227,0.26
20090302,0.28
20090303,0.27
20090304,0.26
20090305,0.2
20090306,0.2
20090309,0.23
20090310,0.24
20090311,0.23
20090312,0.21
20090313,0.19
20090316,0.24
20090317,0.24
20090318,0.21
20090319,0.2
20090320,0.21
20090323,0.22
20090324,0.21
20090325,0.19
20090326,0.15
20090327,0.13
20090330,0.18
20090331,0.21
20090401,0.22
20090402,0.22
20090403,0.21
20090406,0.2
20090407,0.2
20090408,0.18
20090409,0.18
20090410,
20090413,0.18
20090414,0.17
20090415,0.15
20090416,0.13
20090417,0.14
20090420,0.14
20090421,0.15
20090422,0.14
20090423,0.1
20090424,0.1
20090427,0.13
20090428,0.13
20090429,0.11
20090430,0.14
20090501,0.15
20090504,0.19
20090505,0.19
20090506,0.19
20090507,0.18
20090508,0.18
20090511,0.19
20090512,0.19
20090513,0.17
20090514,0.16
20090515,0.17
20090518,0.19
20090519,0.18
20090520,0.18
20090521,0.19
20090522,0.18
20090525,
20090526,0.18
20090527,0.17
20090528,0.15
20090529,0.14
20090601,0.13
20090602,0.14
20090603,0.14
20090604,0.14
20090605,0.19
20090608,0.19
20090609,0.19
20090610,0.18
20090611,0.19
20090612,0.18
20090615,0.17
20090616,0.17
20090617,0.17
20090618,0.18
20090619,0.18
20090622,0.2
20090623,0.2
20090624,0.19
20090625,0.18
20090626,0.19
20090629,0.2
20090630,0.19
20090701,0.17
20090702,0.17
20090703,
20090706,0.19
20090707,0.19
20090708,0.18
20090709,0.19
20090710,0.18
20090713,0.18
20090714,0.18
20090715,0.18
20090716,0.19
20090717,0.17
20090720,0.19
20090721,0.19
20090722,0.19
20090723,0.19
20090724,0.18
20090727,0.19
20090728,0.19
20090729,0.19
20090730,0.18
20090731,0.18
20090803,0.19
20090804,0.18
20090805,0.18
20090806,0.17
20090807,0.18
20090810,0.19
20090811,0.18
20090812,0.17
20090813,0.17
20090814,0.18
20090817,0.18
20090818,0.18
20090819,0.17
20090820,0.17
20090821,0.17
20090824,0.17
20090825,0.17
20090826,0.15
20090827,0.15
20090828,0.15
20090831,0.15
20090901,0.14
20090902,0.14
20090903,0.15
20090904,0.14
20090907,
20090908,0.14
20090909,0.14
20090910,0.14
20090911,0.14
20090914,0.14
20090915,0.13
20090916,0.1
20090917,0.1
20090918,0.08
20090921,0.11
20090922,0.11
20090923,0.11
20090924,0.1
20090925,0.1
20090928,0.11
20090929,0.13
20090930,0.14
20091001,0.1
20091002,0.1
20091005,0.08
20091006,0.08
20091007,0.09
20091008,0.06
20091009,0.07
20091012,
20091013,0.07
20091014,0.07
20091015,0.07
20091016,0.07
20091019,0.08
20091020,0.08
20091021,0.07
20091022,0.06
20091023,0.07
20091026,0.08
20091027,0.08
20091028,0.07
20091029,0.06
20091030,0.05
20091102,0.06
20091103,0.06
20091104,0.05
20091105,0.04
20091106,0.06
20091109,0.07
20091110,0.07
20091111,
20091112,0.07
20091113,0.06
20091116,0.07
20091117,0.06
20091118,0.04
20091119,0.02
20091120,0.02
20091123,0.05
20091124,0.05
20091125,0.05
20091126,
20091127,0.03
20091130,0.06
20091201,0.06
20091202,0.05
20091203,0.06
20091204,0.06
20091207,0.04
20091208,0.03
20091209,0.03
20091210,0.02
20091211,0.03
20091214,0.04
20091215,0.05
20091216,0.04
20091217,0.04
20091218,0.05
20091221,0.08
20091222,0.08
20091223,0.07
20091224,0.05
20091225,
20091228,0.11
20091229,0.1
20091230,0.05
20091231,0.06
20100101,
20100104,0.08
20100105,0.07
20100106,0.06
20100107,0.05
20100108,0.05
20100111,0.04
20100112,0.05
20100113,0.06
20100114,0.05
20100115,0.06
20100118,
20100119,0.06
20100120,0.05
20100121,0.06
20100122,0.06
20100125,0.06
20100126,0.07
20100127,0.08
20100128,0.08
20100129,0.08
20100201,0.1
20100202,0.1
20100203,0.1
20100204,0.09
20100205,0.1
20100208,0.12
20100209,0.12
20100210,0.11
20100211,0.11
20100212,0.1
20100215,
20100216,0.1
20100217,0.1
20100218,0.1
20100219,0.11
20100222,0.11
20100223,0.12
20100224,0.12
20100225,0.13
20100226,0.13
20100301,0.13
20100302,0.14
20100303,0.14
20100304,0.14
20100305,0.15
20100308,0.16
20100309,0.16
20100310,0.15
20100311,0.16
20100312,0.15
20100315,0.17
20100316,0.16
20100317,0.15
20100318,0.16
20100319,0.16
20100322,0.15
20100323,0.14
20100324,0.14
20100325,0.14
20100326,0.14
20100329,0.15
20100330,0.16
20100331,0.16
20100401,0.16
20100402,0.16
20100405,0.18
20100406,0.17
20100407,0.17
20100408,0.17
20100409,0.16
20100412,0.16
20100413,0.16
20100414,0.16
20100415,0.16
20100416,0.16
20100419,0.16
20100420,0.16
20100421,0.15
20100422,0.16
20100423,0.16
20100426,0.16
20100427,0.16
20100428,0.16
20100429,0.17
20100430,0.16
20100503,0.17
20100504,0.16
20100505,0.15
20100506,0.11
20100507,0.13
20100510,0.16
20100511,0.16
20100512,0.16
20100513,0.16
20100514,0.16
20100517,0.16
20100518,0.17
20100519,0.17
20100520,0.17
20100521,0.17
20100524,0.17
20100525,0.17
20100526,0.17
20100527,0.17
20100528,0.16
20100531,
20100601,0.16
20100602,0.16
20100603,0.14
20100604,0.14
20100607,0.12
20100608,0.12
20100609,0.1
20100610,0.1
20100611,0.08
20100614,0.07
20100615,0.09
20100616,0.1
20100617,0.09
20100618,0.11
20100621,0.12
20100622,0.13
20100623,0.13
20100624,0.13
20100625,0.13
20100628,0.17
20100629,0.15
20100630,0.18
20100701,0.17
20100702,0.17
20100705,
20100706,0.17
20100707,0.16
20100708,0.15
20100709,0.16
20100712,0.16
20100713,0.15
20100714,0.15
20100715,0.15
20100716,0.15
20100719,0.17
20100720,0.16
20100721,0.16
20100722,0.16
20100723,0.16
20100726,0.16
20100727,0.15
20100728,0.15
20100729,0.15
20100730,0.15
20100802,0.16
20100803,0.16
20100804,0.16
20100805,0.15
20100806,0.15
20100809,0.15
20100810,0.15
20100811,0.15
20100812,0.16
20100813,0.15
20100816,0.16
20100817,0.17
20100818,0.16
20100819,0.16
20100820,0.15
20100823,0.16
20100824,0.16
20100825,0.16
20100826,0.16
20100827,0.15
20100830,0.14
20100831,0.14
20100901,0.13
20100902,0.14
20100903,0.14
20100906,
20100907,0.14
20100908,0.14
20100909,0.14
20100910,0.14
20100913,0.15
20100914,0.15
20100915,0.15
20100916,0.16
20100917,0.16
20100920,0.17
20100921,0.17
20100922,0.16
20100923,0.16
20100924,0.15
20100927,0.16
20100928,0.16
20100929,0.16
20100930,0.16
20101001,0.16
20101004,0.13
20101005,0.12
20101006,0.13
20101007,0.13
20101008,0.12
20101011,
20101012,0.13
20101013,0.13
20101014,0.14
20101015,0.14
20101018,0.15
20101019,0.14
20101020,0.14
20101021,0.13
20101022,0.13
20101025,0.14
20101026,0.14
20101027,0.14
20101028,0.13
20101029,0.12
20101101,0.13
20101102,0.13
20101103,0.13
20101104,0.13
20101105,0.13
20101108,0.13
20101109,0.13
20101110,0.13
20101111,
20101112,0.13
20101115,0.14
20101116,0.15
20101117,0.14
20101118,0.15
20101119,0.14
20101122,0.15
20101123,0.15
20101124,0.16
20101125,
20101126,0.16
20101129,0.18
20101130,0.17
20101201,0.16
20101202,0.16
20101203,0.14
20101206,0.15
20101207,0.14
20101208,0.15
20101209,0.14
20101210,0.13
20101213,0.15
20101214,0.15
20101215,0.14
20101216,0.13
20101217,0.11
20101220,0.14
20101221,0.14
20101222,0.14
20101223,0.14
20101224,
20101227,0.17
20101228,0.15
20101229,0.13
20101230,0.12
20101231,0.12
20110103,0.15
20110104,0.14
20110105,0.14
20110106,0.15
20110107,0.14
20110110,0.15
20110111,0.15
20110112,0.15
20110113,0.15
20110114,0.15
20110117,
20110118,0.16
20110119,0.16
20110120,0.16
20110121,0.16
20110124,0.16
20110125,0.16
20110126,0.16
20110127,0.15
20110128,0.15
20110131,0.15
20110201,0.15
20110202,0.16
20110203,0.14
20110204,0.15
20110207,0.16
20110208,0.15
20110209,0.14
20110210,0.12
20110211,0.12
20110214,0.13
20110215,0.13
20110216,0.12
20110217,0.09
20110218,0.1
20110221,
20110222,0.12
20110223,0.12
20110224,0.13
20110225,0.13
20110228,0.15
20110301,0.14
20110302,0.13
20110303,0.13
20110304,0.12
20110307,0.11
20110308,0.11
20110309,0.1
20110310,0.08
20110311,0.08
20110314,0.09
20110315,0.1
20110316,0.1
20110317,0.08
20110318,0.07
20110321,0.1
20110322,0.1
20110323,0.09
20110324,0.09
20110325,0.09
20110328,0.11
20110329,0.1
20110330,0.1
20110331,0.09
20110401,0.07
20110404,0.06
20110405,0.07
20110406,0.06
20110407,0.04
20110408,0.04
20110411,0.05
20110412,0.05
20110413,0.06
20110414,0.07
20110415,0.07
20110418,0.07
20110419,0.06
20110420,0.06
20110421,0.06
20110422,
20110425,0.07
20110426,0.07
20110427,0.06
20110428,0.04
20110429,0.04
20110502,0.05
20110503,0.03
20110504,0.03
20110505,0.02
20110506,0.02
20110509,0.03
20110510,0.03
20110511,0.03
20110512,0.02
20110513,0.03
20110516,0.04
20110517,0.04
20110518,0.05
20110519,0.05
20110520,0.05
20110523,0.06
20110524,0.06
20110525,0.06
20110526,0.05
20110527,0.05
20110530,
20110531,0.06
20110601,0.05
20110602,0.04
20110603,0.04
20110606,0.05
20110607,0.05
20110608,0.04
20110609,0.05
20110610,0.05
20110613,0.05
20110614,0.05
20110615,0.05
20110616,0.05
20110617,0.04
20110620,0.03
20110621,0.03
20110622,0.02
20110623,0.01
20110624,0.02
20110627,0.02
20110628,0.03
20110629,0.02
20110630,0.03
20110701,0.02
20110704,
20110705,0.02
20110706,0.01
20110707,0.03
20110708,0.03
20110711,0.03
20110712,0.03
20110713,0.01
20110714,0.01
20110715,0.02
20110718,0.02
20110719,0.03
20110720,0.02
20110721,0.05
20110722,0.05
20110725,0.05
20110726,0.07
20110727,0.08
20110728,0.07
20110729,0.1
20110801,0.1
20110802,0.06
20110803,0.02
20110804,0.02
20110805,0.01
20110808,0.05
20110809,0.03
20110810,0.02
20110811,0.03
20110812,0.02
20110815,0.02
20110816,0.03
20110817,0.01
20110818,0.01
20110819,0.02
20110822,0.01
20110823,0.01
20110824,0.02
20110825,0.01
20110826,0.01
20110829,0.02
20110830,0.01
20110831,0.02
20110901,0.02
20110902,0.02
20110905,
20110906,0.02
20110907,0.02
20110908,0.02
20110909,0.01
20110912,0.01
20110913,0.01
20110914,0.01
20110915,0.01
20110916,0.01
20110919,0.01
20110920,0.01
20110921,0.01
20110922,0
20110923,0.01
20110926,0.02
20110927,0.01
20110928,0.02
20110929,0.02
20110930,0.02
20111003,0.02
20111004,0.01
20111005,0
20111006,0.01
20111007,0.01
20111010,
20111011,0.02
20111012,0.02
20111013,0.02
20111014,0.02
20111017,0.04
20111018,0.04
20111019,0.03
20111020,0.03
20111021,0.02
20111024,0.02
20111025,0.01
20111026,0.02
20111027,0.02
20111028,0.01
20111031,0.01
20111101,0.01
20111102,0.01
20111103,0.01
20111104,0.01
20111107,0.01
20111108,0.01
20111109,0.01
20111110,0.01
20111111,
20111114,0.01
20111115,0.01
20111116,0.01
20111117,0.02
20111118,0.01
20111121,0.02
20111122,0.02
20111123,0.02
20111124,
20111125,0.02
20111128,0.03
20111129,0.02
20111130,0.01
20111201,0.01
20111202,0.02
20111205,0.01
20111206,0.01
20111207,0.02
20111208,0.01
20111209,0.01
20111212,0.01
20111213,0.01
20111214,0.01
20111215,0
20111216,0
20111219,0.01
20111220,0.01
20111221,0.01
20111222,0.01
20111223,0.01
20111226,
20111227,0.02
20111228,0.01
20111229,0.02
20111230,0.02
20120102,
20120103,0.02
20120104,0.02
20120105,0.02
20120106,0.02
20120109,0.01
20120110,0.02
20120111,0.02
20120112,0.03
20120113,0.03
20120116,
20120117,0.03
20120118,0.03
20120119,0.05
20120120,0.05
20120123,0.04
20120124,0.04
20120125,0.04
20120126,0.05
20120127,0.06
20120130,0.05
20120131,0.06
20120201,0.06
20120202,0.08
20120203,0.08
20120206,0.08
20120207,0.08
20120208,0.09
20120209,0.09
20120210,0.09
20120213,0.11
20120214,0.12
20120215,0.11
20120216,0.1
20120217,0.09
20120220,
20120221,0.08
20120222,0.09
20120223,0.09
20120224,0.1
20120227,0.12
20120228,0.1
20120229,0.08
20120301,0.08
20120302,0.07
20120305,0.08
20120306,0.08
20120307,0.08
20120308,0.08
20120309,0.09
20120312,0.09
20120313,0.08
20120314,0.09
20120315,0.08
20120316,0.09
20120319,0.1
20120320,0.1
20120321,0.09
20120322,0.08
20120323,0.08
20120326,0.09
20120327,0.09
20120328,0.09
20120329,0.07
20120330,0.07
20120402,0.08
20120403,0.08
20120404,0.08
20120405,0.08
20120406,0.07
20120409,0.09
20120410,0.09
20120411,0.09
20120412,0.09
20120413,0.09
20120416,0.08
20120417,0.08
20120418,0.07
20120419,0.07
20120420,0.08
20120423,0.08
20120424,0.09
20120425,0.09
20120426,0.09
20120427,0.09
20120430,0.1
20120501,0.09
20120502,0.08
20120503,0.09
20120504,0.07
20120507,0.1
20120508,0.09
20120509,0.09
20120510,0.1
20120511,0.1
20120514,0.1
20120515,0.09
20120516,0.1
20120517,0.1
20120518,0.08
20120521,0.09
20120522,0.09
20120523,0.09
20120524,0.1
20120525,0.09
20120528,
20120529,0.09
20120530,0.07
20120531,0.07
20120601,0.07
20120604,0.08
20120605,0.08
20120606,0.09
20120607,0.09
20120608,0.09
20120611,0.09
20120612,0.1
20120613,0.1
20120614,0.11
20120615,0.09
20120618,0.1
20120619,0.09
20120620,0.09
20120621,0.09
20120622,0.09
20120625,0.1
20120626,0.1
20120627,0.09
20120628,0.09
20120629,0.09
20120702,0.1
20120703,0.09
20120704,
20120705,0.08
20120706,0.08
20120709,0.09
20120710,0.09
20120711,0.1
20120712,0.1
20120713,0.1
20120716,0.1
20120717,0.1
20120718,0.09
20120719,0.09
20120720,0.09
20120723,0.1
20120724,0.1
20120725,0.1
20120726,0.11
20120727,0.11
20120730,0.11
20120731,0.11
20120801,0.1
20120802,0.09
20120803,0.09
20120806,0.1
20120807,0.11
20120808,0.11
20120809,0.11
20120810,0.1
20120813,0.11
20120814,0.11
20120815,0.09
20120816,0.09
20120817,0.09
20120820,0.11
20120821,0.11
20120822,0.11
20120823,0.11
20120824,0.1
20120827,0.11
20120828,0.1
20120829,0.12
20120830,0.1
20120831,0.09
20120903,
20120904,0.1
20120905,0.11
20120906,0.11
20120907,0.11
20120910,0.1
20120911,0.1
20120912,0.1
20120913,0.1
20120914,0.11
20120917,0.11
20120918,0.1
20120919,0.11
20120920,0.11
20120921,0.11
20120924,0.11
20120925,0.11
20120926,0.11
20120927,0.09
20120928,0.1
20121001,0.09
20121002,0.09
20121003,0.09
20121004,0.1
20121005,0.11
20121008,
20121009,0.1
20121010,0.1
20121011,0.1
20121012,0.11
20121015,0.11
20121016,0.09
20121017,0.11
20121018,0.1
20121019,0.1
20121022,0.1
20121023,0.11
20121024,0.11
20121025,0.11
20121026,0.12
20121029,0.14
20121030,
20121031,0.11
20121101,0.09
20121102,0.09
20121105,0.11
20121106,0.1
20121107,0.1
20121108,0.1
20121109,0.09
20121112,
20121113,0.11
20121114,0.1
20121115,0.08
20121116,0.06
20121119,0.09
20121120,0.08
20121121,0.1
20121122,
20121123,0.1
20121126,0.1
20121127,0.1
20121128,0.1
20121129,0.09
20121130,0.08
20121203,0.1
20121204,0.1
20121205,0.1
20121206,0.1
20121207,0.09
20121210,0.09
20121211,0.08
20121212,0.07
20121213,0.06
20121214,0.04
20121217,0.05
20121218,0.06
20121219,0.05
20121220,0.06
20121221,0.06
20121224,0.06
20121225,
20121226,0.09
20121227,0.08
20121228,0.01
20121231,0.05
20130101,
20130102,0.08
20130103,0.08
20130104,0.07
20130107,0.07
20130108,0.07
20130109,0.06
20130110,0.06
20130111,0.07
20130114,0.08
20130115,0.09
20130116,0.08
20130117,0.07
20130118,0.08
20130121,
20130122,0.08
20130123,0.08
20130124,0.08
20130125,0.08
20130128,0.07
20130129,0.07
20130130,0.07
20130131,0.07
20130201,0.06
20130204,0.07
20130205,0.07
20130206,0.07
20130207,0.07
20130208,0.07
20130211,0.09
20130212,0.09
20130213,0.1
20130214,0.11
20130215,0.1
20130218,
20130219,0.12
20130220,0.12
20130221,0.13
20130222,0.13
20130225,0.12
20130226,0.14
20130227,0.11
20130228,0.11
20130301,0.11
20130304,0.11
20130305,0.08
20130306,0.1
20130307,0.1
20130308,0.1
20130311,0.1
20130312,0.1
20130313,0.09
20130314,0.1
20130315,0.09
20130318,0.07
20130319,0.07
20130320,0.07
20130321,0.07
20130322,0.07
20130325,0.08
20130326,0.07
20130327,0.09
20130328,0.07
20130329,
20130401,0.08
20130402,0.07
20130403,0.06
20130404,0.07
20130405,0.07
20130408,0.07
20130409,0.06
20130410,0.07
20130411,0.07
20130412,0.06
20130415,0.06
20130416,0.06
20130417,0.06
20130418,0.05
20130419,0.05
20130422,0.05
20130423,0.05
20130424,0.06
20130425,0.05
20130426,0.05
20130429,0.05
20130430,0.05
20130501,0.06
20130502,0.05
20130503,0.05
20130506,0.04
20130507,0.04
20130508,0.04
20130509,0.04
20130510,0.04
20130513,0.05
20130514,0.05
20130515,0.04
20130516,0.03
20130517,0.04
20130520,0.05
20130521,0.04
20130522,0.04
20130523,0.05
20130524,0.04
20130527,
20130528,0.05
20130529,0.05
20130530,0.04
20130531,0.04
20130603,0.05
20130604,0.04
20130605,0.05
20130606,0.05
20130607,0.04
20130610,0.05
20130611,0.05
20130612,0.05
20130613,0.05
20130614,0.05
20130617,0.05
20130618,0.05
20130619,0.05
20130620,0.05
20130621,0.05
20130624,0.06
20130625,0.06
20130626,0.06
20130627,0.06
20130628,0.04
20130701,0.04
20130702,0.03
20130703,0.05
20130704,
20130705,0.04
20130708,0.05
20130709,0.04
20130710,0.04
20130711,0.04
20130712,0.04
20130715,0.04
20130716,0.03
20130717,0.03
20130718,0.03
20130719,0.03
20130722,0.04
20130723,0.02
20130724,0.03
20130725,0.02
20130726,0.03
20130729,0.03
20130730,0.04
20130731,0.04
20130801,0.04
20130802,0.04
20130805,0.05
20130806,0.04
20130807,0.05
20130808,0.05
20130809,0.05
20130812,0.06
20130813,0.06
20130814,0.05
20130815,0.05
20130816,0.05
20130819,0.06
20130820,0.04
20130821,0.04
20130822,0.03
20130823,0.03
20130826,0.04
20130827,0.05
20130828,0.03
20130829,0.02
20130830,0.03
20130902,
20130903,0.02
20130904,0.02
20130905,0.02
20130906,0.02
20130909,0.02
20130910,0.02
20130911,0.02
20130912,0.01
20130913,0.01
20130916,0.02
20130917,0.01
20130918,0.01
20130919,0.01
20130920,0.01
20130923,0.02
20130924,0.02
20130925,0.02
20130926,0
20130927,0.02
20130930,0.02
20131001,0.02
20131002,0.02
20131003,0.03
20131004,0.03
20131007,0.03
20131008,0.05
20131009,0.05
20131010,0.05
20131011,0.08
20131014,
20131015,0.14
20131016,0.1
20131017,0.05
20131018,0.04
20131021,0.04
20131022,0.04
20131023,0.04
20131024,0.03
20131025,0.04
20131028,0.04
20131029,0.04
20131030,0.04
20131031,0.04
20131101,0.04
20131104,0.05
20131105,0.05
20131106,0.05
20131107,0.05
20131108,0.06
20131111,
20131112,0.08
20131113,0.08
20131114,0.08
20131115,0.08
20131118,0.09
20131119,0.08
20131120,0.08
20131121,0.07
20131122,0.07
20131125,0.08
20131126,0.07
20131127,0.07
20131128,
20131129,0.06
20131202,0.05
20131203,0.06
20131204,0.06
20131205,0.06
20131206,0.06
20131209,0.07
20131210,0.07
20131211,0.07
20131212,0.07
20131213,0.07
20131216,0.07
20131217,0.07
20131218,0.07
20131219,0.06
20131220,0.07
20131223,0.07
20131224,0.07
20131225,
20131226,0.07
20131227,0.07
20131230,0.07
20131231,0.07
20140101,
20140102,0.07
20140103,0.07
20140106,0.05
20140107,0.04
20140108,0.05
20140109,0.04
20140110,0.05
20140113,0.03
20140114,0.04
20140115,0.04
20140116,0.04
20140117,0.05
20140120,
20140121,0.04
20140122,0.04
20140123,0.04
20140124,0.04
20140127,0.05
20140128,0.05
20140129,0.04
20140130,0.02
20140131,0.02
20140203,0.05
20140204,0.06
20140205,0.07
20140206,0.07
20140207,0.08
20140210,0.07
20140211,0.05
20140212,0.05
20140213,0.03
20140214,0.02
20140217,
20140218,0.05
20140219,0.06
20140220,0.05
20140221,0.05
20140224,0.05
20140225,0.05
20140226,0.05
20140227,0.04
20140228,0.05
20140303,0.05
20140304,0.05
20140305,0.06
20140306,0.05
20140307,0.06
20140310,0.05
20140311,0.05
20140312,0.05
20140313,0.05
20140314,0.05
20140317,0.06
20140318,0.05
20140319,0.06
20140320,0.06
20140321,0.06
20140324,0.06
20140325,0.05
20140326,0.05
20140327,0.04
20140328,0.04
20140331,0.05
20140401,0.04
20140402,0.02
20140403,0.02
20140404,0.03
20140407,0.03
20140408,0.03
20140409,0.04
20140410,0.04
20140411,0.04
20140414,0.04
20140415,0.04
20140416,0.04
20140417,0.03
20140418,
20140421,0.04
20140422,0.03
20140423,0.02
20140424,0.01
20140425,0.03
20140428,0.03
20140429,0.02
20140430,0.03
20140501,0.03
20140502,0.02
20140505,0.03
20140506,0.03
20140507,0.03
20140508,0.03
20140509,0.03
20140512,0.03
20140513,0.03
20140514,0.03
20140515,0.03
20140516,0.03
20140519,0.03
20140520,0.03
20140521,0.04
20140522,0.03
20140523,0.04
20140526,
20140527,0.04
20140528,0.04
20140529,0.04
20140530,0.04
20140602,0.04
20140603,0.04
20140604,0.04
20140605,0.04
20140606,0.04
20140609,0.04
20140610,0.04
20140611,0.04
20140612,0.04
20140613,0.04
20140616,0.04
20140617,0.04
20140618,0.03
20140619,0.02
20140620,0.02
20140623,0.03
20140624,0.03
20140625,0.03
20140626,0.04
20140627,0.03
20140630,0.04
20140701,0.02
20140702,0.02
20140703,0.01
20140704,
20140707,0.04
20140708,0.03
20140709,0.03
20140710,0.02
20140711,0.02
20140714,0.03
20140715,0.02
20140716,0.02
20140717,0.02
20140718,0.02
20140721,0.03
20140722,0.03
20140723,0.03
20140724,0.03
20140725,0.03
20140728,0.04
20140729,0.02
20140730,0.04
20140731,0.03
20140801,0.03
20140804,0.04
20140805,0.03
20140806,0.03
20140807,0.03
20140808,0.03
20140811,0.04
20140812,0.03
20140813,0.04
20140814,0.04
20140815,0.03
20140818,0.03
20140819,0.03
20140820,0.04
20140821,0.02
20140822,0.03
20140825,0.04
20140826,0.03
20140827,0.04
20140828,0.03
20140829,0.03
20140901,
20140902,0.03
20140903,0.03
20140904,0.03
20140905,0.03
20140908,0.02
20140909,0.02
20140910,0.02
20140911,0.02
20140912,0.02
20140915,0.02
20140916,0.02
20140917,0.02
20140918,0.02
20140919,0.02
20140922,0.01
20140923,0.01
20140924,0.02
20140925,0.01
20140926,0.01
20140929,0.02
20140930,0.02
20141001,0.02
20141002,0.01
20141003,0.01
20141006,0.02
20141007,0.02
20141008,0.01
20141009,0.01
20141010,0.01
20141013,
20141014,0.02
20141015,0.02
20141016,0.03
20141017,0.02
20141020,0.02
20141021,0.02
20141022,0.02
20141023,0.01
20141024,0.01
20141027,0.02
20141028,0.02
20141029,0.03
20141030,0.01
20141031,0.01
20141103,0.02
20141104,0.03
20141105,0.03
20141106,0.03
20141107,0.03
20141110,0.02
20141111,
20141112,0.02
20141113,0.02
20141114,0.02
20141117,0.03
20141118,0.02
20141119,0.01
20141120,0.02
20141121,0.01
20141124,0.02
20141125,0.02
20141126,0.02
20141127,
20141128,0.02
20141201,0.03
20141202,0.03
20141203,0.01
20141204,0.02
20141205,0.02
20141208,0.03
20141209,0.04
20141210,0.03
20141211,0.03
20141212,0.02
20141215,0.04
20141216,0.03
20141217,0.03
20141218,0.04
20141219,0.04
20141222,0.05
20141223,0.03
20141224,0.01
20141225,
20141226,0.01
20141229,0.03
20141230,0.03
20141231,0.04
20150101,
20150102,0.02
20150105,0.03
20150106,0.03
20150107,0.03
20150108,0.03
20150109,0.02
20150112,0.03
20150113,0.03
20150114,0.04
20150115,0.03
20150116,0.03
20150119,
20150120,0.03
20150121,0.03
20150122,0.03
20150123,0.02
20150126,0.03
20150127,0.02
20150128,0.02
20150129,0.03
20150130,0.02
20150202,0.02
20150203,0.02
20150204,0.01
20150205,0.02
20150206,0.02
20150209,0.01
20150210,0.01
20150211,0.01
20150212,0.02
20150213,0.01
20150216,
20150217,0.02
20150218,0.02
20150219,0.02
20150220,0.02
20150223,0.02
20150224,0.02
20150225,0.02
20150226,0.03
20150227,0.02
20150302,0.02
20150303,0.02
20150304,0.01
20150305,0.02
20150306,0.01
20150309,0.02
20150310,0.02
20150311,0.03
20150312,0.03
20150313,0.03
20150316,0.05
20150317,0.05
20150318,0.03
20150319,0.03
20150320,0.01
20150323,0.03
20150324,0.02
20150325,0.04
20150326,0.03
20150327,0.04
20150330,0.04
20150331,0.03
20150401,0.03
20150402,0.02
20150403,0.02
20150406,0.03
20150407,0.02
20150408,0.03
20150409,0.03
20150410,0.02
20150413,0.03
20150414,0.02
20150415,0.02
20150416,0.02
20150417,0.01
20150420,0.03
20150421,0.03
20150422,0.03
20150423,0.03
20150424,0.03
20150427,0.02
20150428,0.02
20150429,0.01
20150430,0.01
20150501,0.01
20150504,0.02
20150505,0.01
20150506,0.02
20150507,0.01
20150508,0.01
20150511,0.02
20150512,0.03
20150513,0.02
20150514,0.01
20150515,0.02
20150518,0.02
20150519,0.02
20150520,0.02
20150521,0.02
20150522,0.02
20150525,
20150526,0.02
20150527,0.01
20150528,0.01
20150529,0.01
20150601,0.02
20150602,0.01
20150603,0.02
20150604,0.02
20150605,0.03
20150608,0.02
20150609,0.02
20150610,0.02
20150611,0.01
20150612,0.02
20150615,0.02
20150616,0.01
20150617,0.01
20150618,0.01
20150619,0.01
20150622,0.01
20150623,0.01
20150624,0.01
20150625,0.01
20150626,0.01
20150629,0.02
20150630,0.01
20150701,0.01
20150702,0.01
20150703,
20150706,0.02
20150707,0.02
20150708,0.02
20150709,0.03
20150710,0.01
20150713,0.02
20150714,0.01
20150715,0.02
20150716,0.02
20150717,0.03
20150720,0.04
20150721,0.03
20150722,0.04
20150723,0.03
20150724,0.04
20150727,0.05
20150728,0.05
20150729,0.06
20150730,0.07
20150731,0.08
20150803,0.08
20150804,0.08
20150805,0.08
20150806,0.04
20150807,0.06
20150810,0.12
20150811,0.1
20150812,0.1
20150813,0.1
20150814,0.09
20150817,0.1
20150818,0.07
20150819,0.05
20150820,0.02
20150821,0.03
20150824,0.06
20150825,0.07
20150826,0.06
20150827,0.06
20150828,0.06
20150831,0.08
20150901,0.03
20150902,0.03
20150903,0.02
20150904,0.02
20150907,
20150908,0.06
20150909,0.03
20150910,0.02
20150911,0.04
20150914,0.07
20150915,0.07
20150916,0.06
20150917,0.01
20150918,-0.01
20150921,0.01
20150922,-0.01
20150923,0.01
20150924,0.01
20150925,-0.01
20150928,0.01
20150929,0.01
20150930,-0.01
20151001,-0.02
20151002,0
20151005,0.01
20151006,0
20151007,0
20151008,-0.01
20151009,0.01
20151012,
20151013,0.01
20151014,0
20151015,0.01
20151016,0.01
20151019,0.02
20151020,0.02
20151021,0.01
20151022,0
20151023,0.01
20151026,0.02
20151027,0.03
20151028,0.04
20151029,0.07
20151030,0.08
20151102,0.08
20151103,0.06
20151104,0.05
20151105,0.05
20151106,0.08
20151109,0.14
20151110,0.13
20151111,
20151112,0.14
20151113,0.13
20151116,0.15
20151117,0.14
20151118,0.12
20151119,0.11
20151120,0.11
20151123,0.14
20151124,0.16
20151125,0.19
20151126,
20151127,0.17
20151130,0.22
20151201,0.21
20151202,0.21
20151203,0.21
20151204,0.22
20151207,0.29
20151208,0.27
20151209,0.26
20151210,0.24
20151211,0.22
20151214,0.26
20151215,0.25
20151216,0.27
20151217,0.23
20151218,0.19
20151221,0.24
20151222,0.21
20151223,0.2
20151224,0.2
20151225,
20151228,0.23
20151229,0.23
20151230,0.21
20151231,0.16
20160101,
20160104,0.22
20160105,0.2
20160106,0.21
20160107,0.2
20160108,0.2
20160111,0.21
20160112,0.21
20160113,0.22
20160114,0.25
20160115,0.23
20160118,
20160119,0.26
20160120,0.26
20160121,0.28
20160122,0.3
20160125,0.31
20160126,0.31
20160127,0.32
20160128,0.34
20160129,0.32
20160201,0.35
20160202,0.34
20160203,0.33
20160204,0.29
20160205,0.29
20160208,0.32
20160209,0.3
20160210,0.31
20160211,0.28
20160212,0.29
20160215,
20160216,0.3
20160217,0.3
20160218,0.3
20160219,0.3
20160222,0.33
20160223,0.32
20160224,0.33
20160225,0.32
20160226,0.32
20160229,0.33
20160301,0.33
20160302,0.35
20160303,0.27
20160304,0.28
20160307,0.32
20160308,0.29
20160309,0.3
20160310,0.31
20160311,0.32
20160314,0.34
20160315,0.34
20160316,0.31
20160317,0.29
20160318,0.29
20160321,0.31
20160322,0.3
20160323,0.3
20160324,0.29
20160325,
20160328,0.29
20160329,0.23
20160330,0.2
20160331,0.21
20160401,0.23
20160404,0.23
20160405,0.23
20160406,0.23
20160407,0.23
20160408,0.23
20160411,0.23
20160412,0.22
20160413,0.23
20160414,0.22
20160415,0.22
20160418,0.22
20160419,0.21
20160420,0.23
20160421,0.23
20160422,0.23
20160425,0.25
20160426,0.24
20160427,0.24
20160428,0.22
20160429,0.22
20160502,0.22
20160503,0.21
20160504,0.19
20160505,0.2
20160506,0.19
20160509,0.24
20160510,0.24
20160511,0.26
20160512,0.27
20160513,0.28
20160516,0.28
20160517,0.28
20160518,0.3
20160519,0.3
20160520,0.32
20160523,0.35
20160524,0.35
20160525,0.33
20160526,0.3
20160527,0.31
20160530,
20160531,0.34
20160601,0.3
20160602,0.28
20160603,0.29
20160606,0.28
20160607,0.28
20160608,0.24
20160609,0.25
20160610,0.25
20160613,0.27
20160614,0.27
20160615,0.26
20160616,0.27
20160617,0.26
20160620,0.28
20160621,0.27
20160622,0.27
20160623,0.3
20160624,0.26
20160627,0.27
20160628,0.26
20160629,0.26
20160630,0.26
20160701,0.27
20160704,
20160705,0.28
20160706,0.27
20160707,0.29
20160708,0.27
20160711,0.31
20160712,0.29
20160713,0.31
20160714,0.31
20160715,0.31
20160718,0.32
20160719,0.31
20160720,0.32
20160721,0.31
20160722,0.32
20160725,0.32
20160726,0.31
20160727,0.31
20160728,0.25
20160729,0.27
20160801,0.29
20160802,0.29
20160803,0.28
20160804,0.26
20160805,0.27
20160808,0.31
20160809,0.29
20160810,0.28
20160811,0.28
20160812,0.28
20160815,0.31
20160816,0.27
20160817,0.3
20160818,0.29
20160819,0.29
20160822,0.29
20160823,0.3
20160824,0.31
20160825,0.33
20160826,0.33
20160829,0.33
20160830,0.33
20160831,0.33
20160901,0.33
20160902,0.32
20160905,
20160906,0.32
20160907,0.34
20160908,0.34
20160909,0.34
20160912,0.37
20160913,0.36
20160914,0.33
20160915,0.29
20160916,0.29
20160919,0.3
20160920,0.3
20160921,0.22
20160922,0.18
20160923,0.18
20160926,0.25
20160927,0.26
20160928,0.27
20160929,0.26
20160930,0.28
20161003,0.32
20161004,0.33
20161005,0.32
20161006,0.32
20161007,0.32
20161010,
20161011,0.35
20161012,0.36
20161013,0.29
20161014,0.31
20161017,0.34
20161018,0.34
20161019,0.34
20161020,0.34
20161021,0.33
20161024,0.33
20161025,0.34
20161026,0.33
20161027,0.29
20161028,0.29
20161031,0.34
20161101,0.35
20161102,0.36
20161103,0.37
20161104,0.37
20161107,0.41
20161108,0.43
20161109,0.44
20161110,0.47
20161111,
20161114,0.54
20161115,0.5
20161116,0.46
20161117,0.43
20161118,0.43
20161121,0.46
20161122,0.48
20161123,0.5
20161124,
20161125,0.48
20161128,0.48
20161129,0.48
20161130,0.48
20161201,0.47
20161202,0.48
20161205,0.49
20161206,0.49
20161207,0.51
20161208,0.5
20161209,0.53
20161212,0.51
20161213,0.54
20161214,0.54
20161215,0.5
20161216,0.5
20161219,0.52
20161220,0.52
20161221,0.51
20161222,0.5
20161223,0.51
20161226,
20161227,0.51
20161228,0.52
20161229,0.46
20161230,0.5
20170102,
20170103,0.53
20170104,0.52
20170105,0.51
20170106,0.52
20170109,0.5
20170110,0.51
20170111,0.51
20170112,0.51
20170113,0.52
20170116,
20170117,0.54
20170118,0.52
20170119,0.51
20170120,0.49
20170123,0.51
20170124,0.5
20170125,0.49
20170126,0.5
20170127,0.51
20170130,0.51
20170131,0.52
20170201,0.5
20170202,0.51
20170203,0.5
20170206,0.53
20170207,0.53
20170208,0.53
20170209,0.53
20170210,0.54
20170213,0.52
20170214,0.54
20170215,0.53
20170216,0.52
20170217,0.52
20170220,
20170221,0.53
20170222,0.52
20170223,0.51
20170224,0.51
20170227,0.5
20170228,0.53
20170301,0.62
20170302,0.66
20170303,0.7
20170306,0.73
20170307,0.75
20170308,0.72
20170309,0.72
20170310,0.73
20170313,0.78
20170314,0.77
20170315,0.72
20170316,0.72
20170317,0.72
20170320,0.75
20170321,0.76
20170322,0.76
20170323,0.75
20170324,0.77
20170327,0.77
20170328,0.77
20170329,0.77
20170330,0.77
20170331,0.75
20170403,0.78
20170404,0.78
20170405,0.79
20170406,0.78
20170407,0.81
20170410,0.81
20170411,0.81
20170412,0.8
20170413,0.8
20170414,
20170417,0.82
20170418,0.81
20170419,0.8
20170420,0.78
20170421,0.78
20170424,0.8
20170425,0.81
20170426,0.82
20170427,0.8
20170428,0.79
20170501,0.82
20170502,0.81
20170503,0.84
20170504,0.84
20170505,0.88
20170508,0.9
20170509,0.9
20170510,0.89
20170511,0.87
20170512,0.86
20170515,0.89
20170516,0.89
20170517,0.89
20170518,0.91
20170519,0.9
20170522,0.92
20170523,0.91
20170524,0.92
20170525,0.92
20170526,0.92
20170529,
20170530,0.92
20170531,0.96
20170601,0.96
20170602,0.96
20170605,0.95
20170606,0.96
20170607,0.98
20170608,0.99
20170609,0.99
20170612,0.97
20170613,0.99
20170614,0.99
20170615,1
20170616,1.01
20170619,1.01
20170620,1
20170621,0.97
20170622,0.94
20170623,0.95
20170626,0.98
20170627,0.99
20170628,1
20170629,1.02
20170630,1.01
20170703,1.04
20170704,
20170705,1.03
20170706,1.02
20170707,1.03
20170710,1.03
20170711,1.03
20170712,1.03
20170713,1.03
20170714,1.02
20170717,1.05
20170718,1.05
20170719,1.09
20170720,1.13
20170721,1.14
20170724,1.15
20170725,1.16
20170726,1.11
20170727,1.09
20170728,1.06
20170731,1.05
20170801,1.06
20170802,1.06
20170803,1.06
20170804,1.06
20170807,1.01
20170808,1.04
20170809,1.04
20170810,1.03
20170811,1.01
20170814,1.01
20170815,1.02
20170816,1
20170817,0.98
20170818,1
20170821,0.99
20170822,0.99
20170823,0.98
20170824,1
20170825,1.01
20170828,0.97
20170829,1.01
20170830,1.01
20170831,0.99
20170901,1
20170904,
20170905,1.01
20170906,1.05
20170907,1.03
20170908,1.02
20170911,1.04
20170912,1.02
20170913,1.02
20170914,1.03
20170915,1.03
20170918,1.04
20170919,1.03
20170920,1.02
20170921,1.02
20170922,1.01
20170925,1.04
20170926,1.05
20170927,1.05
20170928,1.04
20170929,1.04
20171002,1
20171003,1.05
20171004,1.06
20171005,1.05
20171006,1.05
20171009,
20171010,1.06
20171011,1.08
20171012,1.07
20171013,1.07
20171016,1.09
20171017,1.07
20171018,1.07
20171019,1.08
20171020,1.09
20171023,1.08
20171024,1.1
20171025,1.1
20171026,1.09
20171027,1.08
20171030,1.1
20171031,1.13
20171101,1.16
20171102,1.15
20171103,1.16
20171106,1.17
20171107,1.2
20171108,1.21
20171109,1.22
20171110,1.21
20171113,1.22
20171114,1.24
20171115,1.23
20171116,1.25
20171117,1.26
20171120,1.28
20171121,1.28
20171122,1.27
20171123,
20171124,1.26
20171127,1.25
20171128,1.28
20171129,1.27
20171130,1.25
20171201,1.25
20171204,1.28
20171205,1.28
20171206,1.28
20171207,1.27
20171208,1.26
20171211,1.31
20171212,1.32
20171213,1.28
20171214,1.3
20171215,1.29
20171218,1.36
20171219,1.35
20171220,1.36
20171221,1.33
20171222,1.31
20171225,
20171226,1.45
20171227,1.42
20171228,1.37
20171229,1.37
