caldt,spindx
01/02/2001,1283.27
01/03/2001,1347.56
01/04/2001,1333.34
01/05/2001,1298.35
01/08/2001,1295.86
01/09/2001,1300.80
01/10/2001,1313.27
01/11/2001,1326.82
01/12/2001,1318.32
01/16/2001,1326.65
01/17/2001,1329.47
01/18/2001,1347.97
01/19/2001,1342.54
01/22/2001,1342.90
01/23/2001,1360.40
01/24/2001,1364.30
01/25/2001,1357.51
01/26/2001,1354.95
01/29/2001,1364.17
01/30/2001,1373.73
01/31/2001,1366.01
02/01/2001,1373.47
02/02/2001,1349.47
02/05/2001,1354.31
02/06/2001,1352.26
02/07/2001,1340.89
02/08/2001,1332.53
02/09/2001,1314.76
02/12/2001,1330.31
02/13/2001,1318.80
02/14/2001,1315.92
02/15/2001,1326.61
02/16/2001,1301.53
02/20/2001,1278.94
02/21/2001,1255.27
02/22/2001,1252.82
02/23/2001,1245.86
02/26/2001,1267.65
02/27/2001,1257.94
02/28/2001,1239.94
03/01/2001,1241.23
03/02/2001,1234.18
03/05/2001,1241.41
03/06/2001,1253.80
03/07/2001,1261.89
03/08/2001,1264.74
03/09/2001,1233.42
03/12/2001,1180.16
03/13/2001,1197.66
03/14/2001,1166.71
03/15/2001,1173.56
03/16/2001,1150.53
03/19/2001,1170.81
03/20/2001,1142.62
03/21/2001,1122.14
03/22/2001,1117.58
03/23/2001,1139.83
03/26/2001,1152.69
03/27/2001,1182.17
03/28/2001,1153.29
03/29/2001,1147.95
03/30/2001,1160.33
04/02/2001,1145.87
04/03/2001,1106.46
04/04/2001,1103.25
04/05/2001,1151.44
04/06/2001,1128.43
04/09/2001,1137.59
04/10/2001,1168.38
04/11/2001,1165.89
04/12/2001,1183.50
04/16/2001,1179.68
04/17/2001,1191.81
04/18/2001,1238.16
04/19/2001,1253.70
04/20/2001,1242.98
04/23/2001,1224.36
04/24/2001,1209.47
04/25/2001,1228.75
04/26/2001,1234.52
04/27/2001,1253.05
04/30/2001,1249.46
05/01/2001,1266.44
05/02/2001,1267.43
05/03/2001,1248.58
05/04/2001,1266.61
05/07/2001,1263.51
05/08/2001,1261.20
05/09/2001,1255.54
05/10/2001,1255.18
05/11/2001,1245.67
05/14/2001,1248.92
05/15/2001,1249.44
05/16/2001,1284.99
05/17/2001,1288.49
05/18/2001,1291.96
05/21/2001,1312.83
05/22/2001,1309.38
05/23/2001,1289.05
05/24/2001,1293.17
05/25/2001,1277.89
05/29/2001,1267.93
05/30/2001,1248.08
05/31/2001,1255.82
06/01/2001,1260.67
06/04/2001,1267.11
06/05/2001,1283.57
06/06/2001,1270.03
06/07/2001,1276.96
06/08/2001,1264.96
06/11/2001,1254.39
06/12/2001,1255.85
06/13/2001,1241.60
06/14/2001,1219.87
06/15/2001,1214.36
06/18/2001,1208.43
06/19/2001,1212.58
06/20/2001,1223.14
06/21/2001,1237.04
06/22/2001,1225.35
06/25/2001,1218.60
06/26/2001,1216.76
06/27/2001,1211.07
06/28/2001,1226.20
06/29/2001,1224.42
07/02/2001,1236.71
07/03/2001,1234.45
07/05/2001,1219.24
07/06/2001,1190.59
07/09/2001,1198.78
07/10/2001,1181.52
07/11/2001,1180.18
07/12/2001,1208.14
07/13/2001,1215.68
07/16/2001,1202.45
07/17/2001,1214.44
07/18/2001,1207.71
07/19/2001,1215.02
07/20/2001,1210.85
07/23/2001,1191.03
07/24/2001,1171.65
07/25/2001,1190.49
07/26/2001,1202.93
07/27/2001,1205.82
07/30/2001,1204.52
07/31/2001,1211.23
08/01/2001,1215.93
08/02/2001,1220.75
08/03/2001,1214.35
08/06/2001,1200.48
08/07/2001,1204.40
08/08/2001,1183.53
08/09/2001,1183.43
08/10/2001,1190.16
08/13/2001,1191.29
08/14/2001,1186.73
08/15/2001,1178.02
08/16/2001,1181.66
08/17/2001,1161.97
08/20/2001,1171.41
08/21/2001,1157.26
08/22/2001,1165.31
08/23/2001,1162.09
08/24/2001,1184.93
08/27/2001,1179.21
08/28/2001,1161.51
08/29/2001,1148.60
08/30/2001,1129.03
08/31/2001,1133.58
09/04/2001,1132.94
09/05/2001,1131.74
09/06/2001,1106.40
09/07/2001,1085.78
09/10/2001,1092.54
09/17/2001,1038.77
09/18/2001,1032.74
09/19/2001,1016.10
09/20/2001,984.54
09/21/2001,965.80
09/24/2001,1003.45
09/25/2001,1012.27
09/26/2001,1007.04
09/27/2001,1018.61
09/28/2001,1040.94
10/01/2001,1038.55
10/02/2001,1051.33
10/03/2001,1072.28
10/04/2001,1069.63
10/05/2001,1071.38
10/08/2001,1062.44
10/09/2001,1056.75
10/10/2001,1080.99
10/11/2001,1097.43
10/12/2001,1091.65
10/15/2001,1089.98
10/16/2001,1097.54
10/17/2001,1077.09
10/18/2001,1068.61
10/19/2001,1073.48
10/22/2001,1089.90
10/23/2001,1084.78
10/24/2001,1085.20
10/25/2001,1100.09
10/26/2001,1104.61
10/29/2001,1078.30
10/30/2001,1059.79
10/31/2001,1059.78
11/01/2001,1084.10
11/02/2001,1087.20
11/05/2001,1102.84
11/06/2001,1118.86
11/07/2001,1115.80
11/08/2001,1118.54
11/09/2001,1120.31
11/12/2001,1118.33
11/13/2001,1139.09
11/14/2001,1141.21
11/15/2001,1142.24
11/16/2001,1138.65
11/19/2001,1151.06
11/20/2001,1142.66
11/21/2001,1137.03
11/23/2001,1150.34
11/26/2001,1157.42
11/27/2001,1149.50
11/28/2001,1128.52
11/29/2001,1140.20
11/30/2001,1139.45
12/03/2001,1129.90
12/04/2001,1144.80
12/05/2001,1170.35
12/06/2001,1167.10
12/07/2001,1158.31
12/10/2001,1139.93
12/11/2001,1136.76
12/12/2001,1137.07
12/13/2001,1119.38
12/14/2001,1123.09
12/17/2001,1134.36
12/18/2001,1142.92
12/19/2001,1149.56
12/20/2001,1139.93
12/21/2001,1144.89
12/24/2001,1144.65
12/26/2001,1149.37
12/27/2001,1157.13
12/28/2001,1161.02
12/31/2001,1148.08
01/02/2002,1154.67
01/03/2002,1165.27
01/04/2002,1172.51
01/07/2002,1164.89
01/08/2002,1160.71
01/09/2002,1155.14
01/10/2002,1156.55
01/11/2002,1145.60
01/14/2002,1138.41
01/15/2002,1146.19
01/16/2002,1127.57
01/17/2002,1138.88
01/18/2002,1127.58
01/22/2002,1119.31
01/23/2002,1128.18
01/24/2002,1132.15
01/25/2002,1133.28
01/28/2002,1133.06
01/29/2002,1100.64
01/30/2002,1113.57
01/31/2002,1130.20
02/01/2002,1122.20
02/04/2002,1094.44
02/05/2002,1090.02
02/06/2002,1083.51
02/07/2002,1080.17
02/08/2002,1096.22
02/11/2002,1111.94
02/12/2002,1107.50
02/13/2002,1118.51
02/14/2002,1116.48
02/15/2002,1104.18
02/19/2002,1083.34
02/20/2002,1097.98
02/21/2002,1080.95
02/22/2002,1089.84
02/25/2002,1109.43
02/26/2002,1109.38
02/27/2002,1109.89
02/28/2002,1106.73
03/01/2002,1131.78
03/04/2002,1153.84
03/05/2002,1146.14
03/06/2002,1162.77
03/07/2002,1157.54
03/08/2002,1164.31
03/11/2002,1168.26
03/12/2002,1165.58
03/13/2002,1154.09
03/14/2002,1153.04
03/15/2002,1166.16
03/18/2002,1165.55
03/19/2002,1170.29
03/20/2002,1151.85
03/21/2002,1153.59
03/22/2002,1148.70
03/25/2002,1131.87
03/26/2002,1138.49
03/27/2002,1144.58
03/28/2002,1147.39
04/01/2002,1146.54
04/02/2002,1136.76
04/03/2002,1125.40
04/04/2002,1126.34
04/05/2002,1122.73
04/08/2002,1125.29
04/09/2002,1117.80
04/10/2002,1130.47
04/11/2002,1103.69
04/12/2002,1111.01
04/15/2002,1102.55
04/16/2002,1128.37
04/17/2002,1126.07
04/18/2002,1124.47
04/19/2002,1125.17
04/22/2002,1107.83
04/23/2002,1100.96
04/24/2002,1093.14
04/25/2002,1091.48
04/26/2002,1076.32
04/29/2002,1065.45
04/30/2002,1076.92
05/01/2002,1086.46
05/02/2002,1084.56
05/03/2002,1073.43
05/06/2002,1052.67
05/07/2002,1049.49
05/08/2002,1088.85
05/09/2002,1073.01
05/10/2002,1054.99
05/13/2002,1074.56
05/14/2002,1097.28
05/15/2002,1091.07
05/16/2002,1098.23
05/17/2002,1106.59
05/20/2002,1091.88
05/21/2002,1079.88
05/22/2002,1086.02
05/23/2002,1097.08
05/24/2002,1083.82
05/28/2002,1074.55
05/29/2002,1067.66
05/30/2002,1064.66
05/31/2002,1067.14
06/03/2002,1040.68
06/04/2002,1040.69
06/05/2002,1049.90
06/06/2002,1029.15
06/07/2002,1027.53
06/10/2002,1030.74
06/11/2002,1013.60
06/12/2002,1020.26
06/13/2002,1009.56
06/14/2002,1007.27
06/17/2002,1036.17
06/18/2002,1037.14
06/19/2002,1019.99
06/20/2002,1006.29
06/21/2002,989.14
06/24/2002,992.72
06/25/2002,976.14
06/26/2002,973.53
06/27/2002,990.64
06/28/2002,989.81
07/01/2002,968.65
07/02/2002,948.09
07/03/2002,953.99
07/05/2002,989.03
07/08/2002,976.98
07/09/2002,952.83
07/10/2002,920.47
07/11/2002,927.37
07/12/2002,921.39
07/15/2002,917.93
07/16/2002,901.05
07/17/2002,906.04
07/18/2002,881.56
07/19/2002,847.76
07/22/2002,819.85
07/23/2002,797.70
07/24/2002,843.42
07/25/2002,838.68
07/26/2002,852.84
07/29/2002,898.96
07/30/2002,902.78
07/31/2002,911.62
08/01/2002,884.66
08/02/2002,864.24
08/05/2002,834.60
08/06/2002,859.57
08/07/2002,876.77
08/08/2002,905.46
08/09/2002,908.64
08/12/2002,903.80
08/13/2002,884.21
08/14/2002,919.62
08/15/2002,930.25
08/16/2002,928.77
08/19/2002,950.72
08/20/2002,937.43
08/21/2002,949.36
08/22/2002,962.70
08/23/2002,940.86
08/26/2002,947.95
08/27/2002,934.82
08/28/2002,917.87
08/29/2002,917.80
08/30/2002,916.07
09/03/2002,878.02
09/04/2002,893.40
09/05/2002,879.15
09/06/2002,893.92
09/09/2002,902.96
09/10/2002,909.58
09/11/2002,909.45
09/12/2002,886.91
09/13/2002,889.81
09/16/2002,891.10
09/17/2002,873.52
09/18/2002,869.46
09/19/2002,843.32
09/20/2002,845.39
09/23/2002,833.70
09/24/2002,819.29
09/25/2002,839.66
09/26/2002,854.95
09/27/2002,827.37
09/30/2002,815.29
10/01/2002,847.91
10/02/2002,827.91
10/03/2002,818.95
10/04/2002,800.58
10/07/2002,785.28
10/08/2002,798.55
10/09/2002,776.76
10/10/2002,803.92
10/11/2002,835.32
10/14/2002,841.44
10/15/2002,881.27
10/16/2002,860.02
10/17/2002,879.20
10/18/2002,884.39
10/21/2002,899.72
10/22/2002,890.16
10/23/2002,896.14
10/24/2002,882.50
10/25/2002,897.65
10/28/2002,890.23
10/29/2002,882.15
10/30/2002,890.71
10/31/2002,885.76
11/01/2002,900.96
11/04/2002,908.34
11/05/2002,915.39
11/06/2002,923.76
11/07/2002,902.65
11/08/2002,894.74
11/11/2002,876.19
11/12/2002,882.95
11/13/2002,882.53
11/14/2002,904.27
11/15/2002,909.83
11/18/2002,900.36
11/19/2002,896.74
11/20/2002,914.15
11/21/2002,933.76
11/22/2002,930.55
11/25/2002,932.88
11/26/2002,913.31
11/27/2002,938.87
11/29/2002,936.31
12/02/2002,934.53
12/03/2002,920.75
12/04/2002,917.57
12/05/2002,906.55
12/06/2002,912.23
12/09/2002,892.00
12/10/2002,904.45
12/11/2002,904.96
12/12/2002,901.59
12/13/2002,889.48
12/16/2002,910.40
12/17/2002,902.99
12/18/2002,891.12
12/19/2002,884.25
12/20/2002,895.75
12/23/2002,897.38
12/24/2002,892.47
12/26/2002,889.66
12/27/2002,875.40
12/30/2002,879.39
12/31/2002,879.82
01/02/2003,909.03
01/03/2003,908.59
01/06/2003,929.01
01/07/2003,922.93
01/08/2003,909.93
01/09/2003,927.58
01/10/2003,927.57
01/13/2003,926.26
01/14/2003,931.66
01/15/2003,918.22
01/16/2003,914.60
01/17/2003,901.78
01/21/2003,887.62
01/22/2003,878.36
01/23/2003,887.34
01/24/2003,861.40
01/27/2003,847.48
01/28/2003,858.54
01/29/2003,864.36
01/30/2003,844.61
01/31/2003,855.70
02/03/2003,860.32
02/04/2003,848.20
02/05/2003,843.59
02/06/2003,838.15
02/07/2003,829.69
02/10/2003,835.97
02/11/2003,829.20
02/12/2003,818.68
02/13/2003,817.37
02/14/2003,834.89
02/18/2003,851.17
02/19/2003,845.13
02/20/2003,837.10
02/21/2003,848.17
02/24/2003,832.58
02/25/2003,838.57
02/26/2003,827.55
02/27/2003,837.28
02/28/2003,841.15
03/03/2003,834.81
03/04/2003,821.99
03/05/2003,829.85
03/06/2003,822.10
03/07/2003,828.89
03/10/2003,807.48
03/11/2003,800.73
03/12/2003,804.19
03/13/2003,831.90
03/14/2003,833.27
03/17/2003,862.79
03/18/2003,866.45
03/19/2003,874.02
03/20/2003,875.67
03/21/2003,895.79
03/24/2003,864.23
03/25/2003,874.74
03/26/2003,869.95
03/27/2003,868.52
03/28/2003,863.50
03/31/2003,848.18
04/01/2003,858.48
04/02/2003,880.90
04/03/2003,876.45
04/04/2003,878.85
04/07/2003,879.93
04/08/2003,878.29
04/09/2003,865.99
04/10/2003,871.58
04/11/2003,868.30
04/14/2003,885.23
04/15/2003,890.81
04/16/2003,879.91
04/17/2003,893.58
04/21/2003,892.01
04/22/2003,911.37
04/23/2003,919.02
04/24/2003,911.43
04/25/2003,898.81
04/28/2003,914.84
04/29/2003,917.84
04/30/2003,916.92
05/01/2003,916.30
05/02/2003,930.08
05/05/2003,926.55
05/06/2003,934.39
05/07/2003,929.62
05/08/2003,920.27
05/09/2003,933.41
05/12/2003,945.11
05/13/2003,942.30
05/14/2003,939.28
05/15/2003,946.67
05/16/2003,944.30
05/19/2003,920.77
05/20/2003,919.73
05/21/2003,923.42
05/22/2003,931.87
05/23/2003,933.22
05/27/2003,951.48
05/28/2003,953.22
05/29/2003,949.64
05/30/2003,963.59
06/02/2003,967.00
06/03/2003,971.56
06/04/2003,986.24
06/05/2003,990.14
06/06/2003,987.76
06/09/2003,975.93
06/10/2003,984.84
06/11/2003,997.48
06/12/2003,998.51
06/13/2003,988.61
06/16/2003,1010.74
06/17/2003,1011.66
06/18/2003,1010.09
06/19/2003,994.70
06/20/2003,995.69
06/23/2003,981.64
06/24/2003,983.44
06/25/2003,975.31
06/26/2003,985.82
06/27/2003,976.22
06/30/2003,974.50
07/01/2003,982.32
07/02/2003,993.76
07/03/2003,985.70
07/07/2003,1004.42
07/08/2003,1007.84
07/09/2003,1002.21
07/10/2003,988.70
07/11/2003,998.14
07/14/2003,1003.86
07/15/2003,1000.42
07/16/2003,994.00
07/17/2003,981.73
07/18/2003,993.32
07/21/2003,978.80
07/22/2003,988.11
07/23/2003,988.61
07/24/2003,981.60
07/25/2003,998.68
07/28/2003,996.52
07/29/2003,989.28
07/30/2003,987.49
07/31/2003,990.31
08/01/2003,980.15
08/04/2003,982.82
08/05/2003,965.46
08/06/2003,967.08
08/07/2003,974.12
08/08/2003,977.59
08/11/2003,980.59
08/12/2003,990.35
08/13/2003,984.03
08/14/2003,990.51
08/15/2003,990.67
08/18/2003,999.74
08/19/2003,1002.35
08/20/2003,1000.30
08/21/2003,1003.27
08/22/2003,993.06
08/25/2003,993.71
08/26/2003,996.73
08/27/2003,996.79
08/28/2003,1002.84
08/29/2003,1008.01
09/02/2003,1021.99
09/03/2003,1026.27
09/04/2003,1027.97
09/05/2003,1021.39
09/08/2003,1031.64
09/09/2003,1023.17
09/10/2003,1010.92
09/11/2003,1016.42
09/12/2003,1018.63
09/15/2003,1014.81
09/16/2003,1029.32
09/17/2003,1025.97
09/18/2003,1039.58
09/19/2003,1036.30
09/22/2003,1022.82
09/23/2003,1029.03
09/24/2003,1009.38
09/25/2003,1003.27
09/26/2003,996.85
09/29/2003,1006.58
09/30/2003,995.97
10/01/2003,1018.22
10/02/2003,1020.24
10/03/2003,1029.85
10/06/2003,1034.35
10/07/2003,1039.25
10/08/2003,1033.78
10/09/2003,1038.73
10/10/2003,1038.06
10/13/2003,1045.35
10/14/2003,1049.48
10/15/2003,1046.76
10/16/2003,1050.07
10/17/2003,1039.32
10/20/2003,1044.68
10/21/2003,1046.03
10/22/2003,1030.36
10/23/2003,1033.77
10/24/2003,1028.91
10/27/2003,1031.13
10/28/2003,1046.79
10/29/2003,1048.11
10/30/2003,1046.94
10/31/2003,1050.71
11/03/2003,1059.02
11/04/2003,1053.25
11/05/2003,1051.81
11/06/2003,1058.05
11/07/2003,1053.21
11/10/2003,1047.11
11/11/2003,1046.57
11/12/2003,1058.56
11/13/2003,1058.41
11/14/2003,1050.35
11/17/2003,1043.63
11/18/2003,1034.15
11/19/2003,1042.44
11/20/2003,1033.65
11/21/2003,1035.28
11/24/2003,1052.08
11/25/2003,1053.89
11/26/2003,1058.45
11/28/2003,1058.20
12/01/2003,1070.12
12/02/2003,1066.62
12/03/2003,1064.73
12/04/2003,1069.72
12/05/2003,1061.50
12/08/2003,1069.30
12/09/2003,1060.18
12/10/2003,1059.05
12/11/2003,1071.21
12/12/2003,1074.14
12/15/2003,1068.04
12/16/2003,1075.13
12/17/2003,1076.48
12/18/2003,1089.18
12/19/2003,1088.67
12/22/2003,1092.94
12/23/2003,1096.02
12/24/2003,1094.04
12/26/2003,1095.89
12/29/2003,1109.48
12/30/2003,1109.64
12/31/2003,1111.92
01/02/2004,1108.48
01/05/2004,1122.22
01/06/2004,1123.67
01/07/2004,1126.33
01/08/2004,1131.92
01/09/2004,1121.86
01/12/2004,1127.23
01/13/2004,1121.22
01/14/2004,1130.52
01/15/2004,1132.05
01/16/2004,1139.83
01/20/2004,1138.77
01/21/2004,1147.62
01/22/2004,1143.94
01/23/2004,1141.55
01/26/2004,1155.37
01/27/2004,1144.05
01/28/2004,1128.48
01/29/2004,1134.11
01/30/2004,1131.13
02/02/2004,1135.26
02/03/2004,1136.03
02/04/2004,1126.52
02/05/2004,1128.59
02/06/2004,1142.76
02/09/2004,1139.81
02/10/2004,1145.54
02/11/2004,1157.76
02/12/2004,1152.11
02/13/2004,1145.81
02/17/2004,1156.99
02/18/2004,1151.82
02/19/2004,1147.06
02/20/2004,1144.11
02/23/2004,1140.99
02/24/2004,1139.09
02/25/2004,1143.67
02/26/2004,1144.91
02/27/2004,1144.94
03/01/2004,1155.96
03/02/2004,1149.10
03/03/2004,1151.04
03/04/2004,1154.88
03/05/2004,1156.87
03/08/2004,1147.21
03/09/2004,1140.58
03/10/2004,1123.89
03/11/2004,1106.78
03/12/2004,1120.57
03/15/2004,1104.49
03/16/2004,1110.70
03/17/2004,1123.75
03/18/2004,1122.32
03/19/2004,1109.78
03/22/2004,1095.40
03/23/2004,1093.95
03/24/2004,1091.33
03/25/2004,1109.19
03/26/2004,1108.06
03/29/2004,1122.47
03/30/2004,1127.00
03/31/2004,1126.21
04/01/2004,1132.17
04/02/2004,1141.81
04/05/2004,1150.57
04/06/2004,1148.16
04/07/2004,1140.53
04/08/2004,1139.32
04/12/2004,1145.20
04/13/2004,1129.44
04/14/2004,1128.17
04/15/2004,1128.84
04/16/2004,1134.61
04/19/2004,1135.82
04/20/2004,1118.15
04/21/2004,1124.09
04/22/2004,1139.93
04/23/2004,1140.60
04/26/2004,1135.53
04/27/2004,1138.11
04/28/2004,1122.41
04/29/2004,1113.89
04/30/2004,1107.30
05/03/2004,1117.49
05/04/2004,1119.55
05/05/2004,1121.53
05/06/2004,1113.99
05/07/2004,1098.70
05/10/2004,1087.12
05/11/2004,1095.45
05/12/2004,1097.28
05/13/2004,1096.44
05/14/2004,1095.70
05/17/2004,1084.10
05/18/2004,1091.49
05/19/2004,1088.68
05/20/2004,1089.19
05/21/2004,1093.56
05/24/2004,1095.41
05/25/2004,1113.05
05/26/2004,1114.94
05/27/2004,1121.28
05/28/2004,1120.68
06/01/2004,1121.20
06/02/2004,1124.99
06/03/2004,1116.64
06/04/2004,1122.50
06/07/2004,1140.42
06/08/2004,1142.18
06/09/2004,1131.33
06/10/2004,1136.47
06/14/2004,1125.29
06/15/2004,1132.01
06/16/2004,1133.56
06/17/2004,1132.05
06/18/2004,1135.02
06/21/2004,1130.30
06/22/2004,1134.41
06/23/2004,1144.06
06/24/2004,1140.65
06/25/2004,1134.43
06/28/2004,1133.35
06/29/2004,1136.20
06/30/2004,1140.84
07/01/2004,1128.94
07/02/2004,1125.38
07/06/2004,1116.21
07/07/2004,1118.33
07/08/2004,1109.11
07/09/2004,1112.81
07/12/2004,1114.35
07/13/2004,1115.14
07/14/2004,1111.47
07/15/2004,1106.69
07/16/2004,1101.39
07/19/2004,1100.90
07/20/2004,1108.67
07/21/2004,1093.88
07/22/2004,1096.84
07/23/2004,1086.20
07/26/2004,1084.06
07/27/2004,1094.83
07/28/2004,1095.42
07/29/2004,1100.43
07/30/2004,1101.72
08/02/2004,1106.62
08/03/2004,1099.69
08/04/2004,1098.63
08/05/2004,1080.70
08/06/2004,1063.97
08/09/2004,1065.22
08/10/2004,1079.04
08/11/2004,1075.79
08/12/2004,1063.23
08/13/2004,1064.80
08/16/2004,1079.34
08/17/2004,1081.71
08/18/2004,1095.17
08/19/2004,1091.23
08/20/2004,1098.35
08/23/2004,1095.68
08/24/2004,1096.19
08/25/2004,1104.96
08/26/2004,1105.09
08/27/2004,1107.77
08/30/2004,1099.15
08/31/2004,1104.24
09/01/2004,1105.91
09/02/2004,1118.31
09/03/2004,1113.63
09/07/2004,1121.30
09/08/2004,1116.27
09/09/2004,1118.38
09/10/2004,1123.92
09/13/2004,1125.82
09/14/2004,1128.33
09/15/2004,1120.37
09/16/2004,1123.50
09/17/2004,1128.55
09/20/2004,1122.20
09/21/2004,1129.30
09/22/2004,1113.56
09/23/2004,1108.36
09/24/2004,1110.11
09/27/2004,1103.52
09/28/2004,1110.06
09/29/2004,1114.80
09/30/2004,1114.58
10/01/2004,1131.50
10/04/2004,1135.17
10/05/2004,1134.48
10/06/2004,1142.05
10/07/2004,1130.65
10/08/2004,1122.14
10/11/2004,1124.39
10/12/2004,1121.84
10/13/2004,1113.65
10/14/2004,1103.29
10/15/2004,1108.20
10/18/2004,1114.02
10/19/2004,1103.23
10/20/2004,1103.66
10/21/2004,1106.49
10/22/2004,1095.74
10/25/2004,1094.81
10/26/2004,1111.09
10/27/2004,1125.40
10/28/2004,1127.44
10/29/2004,1130.20
11/01/2004,1130.51
11/02/2004,1130.54
11/03/2004,1143.20
11/04/2004,1161.67
11/05/2004,1166.17
11/08/2004,1164.89
11/09/2004,1164.08
11/10/2004,1162.91
11/11/2004,1173.48
11/12/2004,1184.17
11/15/2004,1183.81
11/16/2004,1175.43
11/17/2004,1181.94
11/18/2004,1183.55
11/19/2004,1170.34
11/22/2004,1177.24
11/23/2004,1176.94
11/24/2004,1181.76
11/26/2004,1182.65
11/29/2004,1178.57
11/30/2004,1173.82
12/01/2004,1191.37
12/02/2004,1190.33
12/03/2004,1191.17
12/06/2004,1190.25
12/07/2004,1177.07
12/08/2004,1182.81
12/09/2004,1189.24
12/10/2004,1188.00
12/13/2004,1198.68
12/14/2004,1203.38
12/15/2004,1205.72
12/16/2004,1203.21
12/17/2004,1194.22
12/20/2004,1194.65
12/21/2004,1205.45
12/22/2004,1209.57
12/23/2004,1210.13
12/27/2004,1204.92
12/28/2004,1213.54
12/29/2004,1213.45
12/30/2004,1213.55
12/31/2004,1211.92
01/03/2005,1202.08
01/04/2005,1188.05
01/05/2005,1183.74
01/06/2005,1187.89
01/07/2005,1186.19
01/10/2005,1190.25
01/11/2005,1182.99
01/12/2005,1187.70
01/13/2005,1177.45
01/14/2005,1184.52
01/18/2005,1195.98
01/19/2005,1184.63
01/20/2005,1175.41
01/21/2005,1167.87
01/24/2005,1163.75
01/25/2005,1168.41
01/26/2005,1174.07
01/27/2005,1174.55
01/28/2005,1171.36
01/31/2005,1181.27
02/01/2005,1189.41
02/02/2005,1193.19
02/03/2005,1189.89
02/04/2005,1203.03
02/07/2005,1201.72
02/08/2005,1202.30
02/09/2005,1191.99
02/10/2005,1197.01
02/11/2005,1205.30
02/14/2005,1206.14
02/15/2005,1210.12
02/16/2005,1210.34
02/17/2005,1200.75
02/18/2005,1201.59
02/22/2005,1184.16
02/23/2005,1190.80
02/24/2005,1200.20
02/25/2005,1211.37
02/28/2005,1203.60
03/01/2005,1210.41
03/02/2005,1210.08
03/03/2005,1210.47
03/04/2005,1222.12
03/07/2005,1225.31
03/08/2005,1219.43
03/09/2005,1207.01
03/10/2005,1209.25
03/11/2005,1200.08
03/14/2005,1206.83
03/15/2005,1197.75
03/16/2005,1188.07
03/17/2005,1190.21
03/18/2005,1189.65
03/21/2005,1183.78
03/22/2005,1171.71
03/23/2005,1172.53
03/24/2005,1171.42
03/28/2005,1174.28
03/29/2005,1165.36
03/30/2005,1181.41
03/31/2005,1180.59
04/01/2005,1172.92
04/04/2005,1176.12
04/05/2005,1181.39
04/06/2005,1184.07
04/07/2005,1191.14
04/08/2005,1181.20
04/11/2005,1181.21
04/12/2005,1187.76
04/13/2005,1173.79
04/14/2005,1162.05
04/15/2005,1142.62
04/18/2005,1145.98
04/19/2005,1152.78
04/20/2005,1137.50
04/21/2005,1159.95
04/22/2005,1152.12
04/25/2005,1162.10
04/26/2005,1151.74
04/27/2005,1156.38
04/28/2005,1143.22
04/29/2005,1156.85
05/02/2005,1162.16
05/03/2005,1161.17
05/04/2005,1175.65
05/05/2005,1172.63
05/06/2005,1171.35
05/09/2005,1178.84
05/10/2005,1166.22
05/11/2005,1171.11
05/12/2005,1159.36
05/13/2005,1154.05
05/16/2005,1165.69
05/17/2005,1173.80
05/18/2005,1185.56
05/19/2005,1191.08
05/20/2005,1189.28
05/23/2005,1193.86
05/24/2005,1194.07
05/25/2005,1190.01
05/26/2005,1197.62
05/27/2005,1198.78
05/31/2005,1191.50
06/01/2005,1202.27
06/02/2005,1204.29
06/03/2005,1196.02
06/06/2005,1197.51
06/07/2005,1197.26
06/08/2005,1194.67
06/09/2005,1200.93
06/10/2005,1198.11
06/13/2005,1200.82
06/14/2005,1203.91
06/15/2005,1206.58
06/16/2005,1210.96
06/17/2005,1216.96
06/20/2005,1216.10
06/21/2005,1213.61
06/22/2005,1213.88
06/23/2005,1200.73
06/24/2005,1191.57
06/27/2005,1190.69
06/28/2005,1201.57
06/29/2005,1199.85
06/30/2005,1191.33
07/01/2005,1194.44
07/05/2005,1204.99
07/06/2005,1194.94
07/07/2005,1197.87
07/08/2005,1211.86
07/11/2005,1219.44
07/12/2005,1222.21
07/13/2005,1223.29
07/14/2005,1226.50
07/15/2005,1227.92
07/18/2005,1221.13
07/19/2005,1229.35
07/20/2005,1235.20
07/21/2005,1227.04
07/22/2005,1233.68
07/25/2005,1229.03
07/26/2005,1231.16
07/27/2005,1236.79
07/28/2005,1243.72
07/29/2005,1234.18
08/01/2005,1235.35
08/02/2005,1244.12
08/03/2005,1245.04
08/04/2005,1235.86
08/05/2005,1226.42
08/08/2005,1223.13
08/09/2005,1231.38
08/10/2005,1229.13
08/11/2005,1237.81
08/12/2005,1230.39
08/15/2005,1233.87
08/16/2005,1219.34
08/17/2005,1220.24
08/18/2005,1219.02
08/19/2005,1219.71
08/22/2005,1221.73
08/23/2005,1217.57
08/24/2005,1209.59
08/25/2005,1212.39
08/26/2005,1205.10
08/29/2005,1212.28
08/30/2005,1208.41
08/31/2005,1220.33
09/01/2005,1221.59
09/02/2005,1218.02
09/06/2005,1233.39
09/07/2005,1236.36
09/08/2005,1231.67
09/09/2005,1241.48
09/12/2005,1240.56
09/13/2005,1231.20
09/14/2005,1227.16
09/15/2005,1227.73
09/16/2005,1237.91
09/19/2005,1231.02
09/20/2005,1221.34
09/21/2005,1210.20
09/22/2005,1214.62
09/23/2005,1215.29
09/26/2005,1215.63
09/27/2005,1215.66
09/28/2005,1216.89
09/29/2005,1227.68
09/30/2005,1228.81
10/03/2005,1226.70
10/04/2005,1214.47
10/05/2005,1196.39
10/06/2005,1191.49
10/07/2005,1195.90
10/10/2005,1187.33
10/11/2005,1184.87
10/12/2005,1177.68
10/13/2005,1176.84
10/14/2005,1186.57
10/17/2005,1190.10
10/18/2005,1178.14
10/19/2005,1195.76
10/20/2005,1177.80
10/21/2005,1179.59
10/24/2005,1199.38
10/25/2005,1196.54
10/26/2005,1191.38
10/27/2005,1178.90
10/28/2005,1198.41
10/31/2005,1207.01
11/01/2005,1202.76
11/02/2005,1214.76
11/03/2005,1219.94
11/04/2005,1220.14
11/07/2005,1222.81
11/08/2005,1218.59
11/09/2005,1220.65
11/10/2005,1230.96
11/11/2005,1234.72
11/14/2005,1233.76
11/15/2005,1229.01
11/16/2005,1231.21
11/17/2005,1242.80
11/18/2005,1248.27
11/21/2005,1254.85
11/22/2005,1261.23
11/23/2005,1265.61
11/25/2005,1268.25
11/28/2005,1257.46
11/29/2005,1257.48
11/30/2005,1249.48
12/01/2005,1264.67
12/02/2005,1265.08
12/05/2005,1262.09
12/06/2005,1263.70
12/07/2005,1257.37
12/08/2005,1255.84
12/09/2005,1259.37
12/12/2005,1260.43
12/13/2005,1267.43
12/14/2005,1272.74
12/15/2005,1270.94
12/16/2005,1267.32
12/19/2005,1259.92
12/20/2005,1259.62
12/21/2005,1262.79
12/22/2005,1268.12
12/23/2005,1268.66
12/27/2005,1256.54
12/28/2005,1258.17
12/29/2005,1254.42
12/30/2005,1248.29
01/03/2006,1268.80
01/04/2006,1273.46
01/05/2006,1273.48
01/06/2006,1285.45
01/09/2006,1290.15
01/10/2006,1289.69
01/11/2006,1294.18
01/12/2006,1286.06
01/13/2006,1287.61
01/17/2006,1282.93
01/18/2006,1277.93
01/19/2006,1285.04
01/20/2006,1261.49
01/23/2006,1263.82
01/24/2006,1266.86
01/25/2006,1264.68
01/26/2006,1273.83
01/27/2006,1283.72
01/30/2006,1285.20
01/31/2006,1280.08
02/01/2006,1282.46
02/02/2006,1270.84
02/03/2006,1264.03
02/06/2006,1265.02
02/07/2006,1254.78
02/08/2006,1265.65
02/09/2006,1263.78
02/10/2006,1266.99
02/13/2006,1262.86
02/14/2006,1275.53
02/15/2006,1280.00
02/16/2006,1289.38
02/17/2006,1287.24
02/21/2006,1283.03
02/22/2006,1292.67
02/23/2006,1287.79
02/24/2006,1289.43
02/27/2006,1294.12
02/28/2006,1280.66
03/01/2006,1291.24
03/02/2006,1289.14
03/03/2006,1287.23
03/06/2006,1278.26
03/07/2006,1275.88
03/08/2006,1278.47
03/09/2006,1272.23
03/10/2006,1281.58
03/13/2006,1284.13
03/14/2006,1297.48
03/15/2006,1303.02
03/16/2006,1305.33
03/17/2006,1307.25
03/20/2006,1305.08
03/21/2006,1297.23
03/22/2006,1305.04
03/23/2006,1301.67
03/24/2006,1302.95
03/27/2006,1301.61
03/28/2006,1293.23
03/29/2006,1302.89
03/30/2006,1300.25
03/31/2006,1294.83
04/03/2006,1297.81
04/04/2006,1305.93
04/05/2006,1311.56
04/06/2006,1309.04
04/07/2006,1295.50
04/10/2006,1296.60
04/11/2006,1286.57
04/12/2006,1288.12
04/13/2006,1289.12
04/17/2006,1285.33
04/18/2006,1307.65
04/19/2006,1309.93
04/20/2006,1311.46
04/21/2006,1311.28
04/24/2006,1308.11
04/25/2006,1301.74
04/26/2006,1305.41
04/27/2006,1309.72
04/28/2006,1310.61
05/01/2006,1305.19
05/02/2006,1313.21
05/03/2006,1307.85
05/04/2006,1312.25
05/05/2006,1325.76
05/08/2006,1324.66
05/09/2006,1325.14
05/10/2006,1322.85
05/11/2006,1305.92
05/12/2006,1291.24
05/15/2006,1294.50
05/16/2006,1292.08
05/17/2006,1270.32
05/18/2006,1261.81
05/19/2006,1267.03
05/22/2006,1262.07
05/23/2006,1256.58
05/24/2006,1258.57
05/25/2006,1272.88
05/26/2006,1280.16
05/30/2006,1259.84
05/31/2006,1270.09
06/01/2006,1285.71
06/02/2006,1288.22
06/05/2006,1265.29
06/06/2006,1263.85
06/07/2006,1256.15
06/08/2006,1257.93
06/09/2006,1252.30
06/12/2006,1236.40
06/13/2006,1223.69
06/14/2006,1230.04
06/15/2006,1256.16
06/16/2006,1251.54
06/19/2006,1240.14
06/20/2006,1240.12
06/21/2006,1252.20
06/22/2006,1245.60
06/23/2006,1244.50
06/26/2006,1250.56
06/27/2006,1239.20
06/28/2006,1246.00
06/29/2006,1272.87
06/30/2006,1270.20
07/03/2006,1280.19
07/05/2006,1270.91
07/06/2006,1274.08
07/07/2006,1265.48
07/10/2006,1267.34
07/11/2006,1272.52
07/12/2006,1258.60
07/13/2006,1242.29
07/14/2006,1236.20
07/17/2006,1234.49
07/18/2006,1236.86
07/19/2006,1259.81
07/20/2006,1249.13
07/21/2006,1240.29
07/24/2006,1260.91
07/25/2006,1268.88
07/26/2006,1268.40
07/27/2006,1263.20
07/28/2006,1278.55
07/31/2006,1276.66
08/01/2006,1270.92
08/02/2006,1278.55
08/03/2006,1280.27
08/04/2006,1279.36
08/07/2006,1275.77
08/08/2006,1271.48
08/09/2006,1265.95
08/10/2006,1271.81
08/11/2006,1266.74
08/14/2006,1268.21
08/15/2006,1285.58
08/16/2006,1295.43
08/17/2006,1297.48
08/18/2006,1302.30
08/21/2006,1297.52
08/22/2006,1298.82
08/23/2006,1292.99
08/24/2006,1296.06
08/25/2006,1295.09
08/28/2006,1301.78
08/29/2006,1304.28
08/30/2006,1304.27
08/31/2006,1303.82
09/01/2006,1311.01
09/05/2006,1313.25
09/06/2006,1300.26
09/07/2006,1294.02
09/08/2006,1298.92
09/11/2006,1299.54
09/12/2006,1313.11
09/13/2006,1318.07
09/14/2006,1316.28
09/15/2006,1319.87
09/18/2006,1321.18
09/19/2006,1318.31
09/20/2006,1325.18
09/21/2006,1318.03
09/22/2006,1314.78
09/25/2006,1326.37
09/26/2006,1336.34
09/27/2006,1336.59
09/28/2006,1339.15
09/29/2006,1335.85
10/02/2006,1331.32
10/03/2006,1334.11
10/04/2006,1350.22
10/05/2006,1353.22
10/06/2006,1349.58
10/09/2006,1350.66
10/10/2006,1353.42
10/11/2006,1349.95
10/12/2006,1362.83
10/13/2006,1365.62
10/16/2006,1369.05
10/17/2006,1364.05
10/18/2006,1365.96
10/19/2006,1366.96
10/20/2006,1368.60
10/23/2006,1377.02
10/24/2006,1377.38
10/25/2006,1382.22
10/26/2006,1389.08
10/27/2006,1377.34
10/30/2006,1377.93
10/31/2006,1377.94
11/01/2006,1367.81
11/02/2006,1367.34
11/03/2006,1364.30
11/06/2006,1379.78
11/07/2006,1382.84
11/08/2006,1385.72
11/09/2006,1378.33
11/10/2006,1380.90
11/13/2006,1384.42
11/14/2006,1393.22
11/15/2006,1396.57
11/16/2006,1399.76
11/17/2006,1401.20
11/20/2006,1400.50
11/21/2006,1402.81
11/22/2006,1406.09
11/24/2006,1400.95
11/27/2006,1381.90
11/28/2006,1386.72
11/29/2006,1399.48
11/30/2006,1400.63
12/01/2006,1396.71
12/04/2006,1409.12
12/05/2006,1414.76
12/06/2006,1412.90
12/07/2006,1407.29
12/08/2006,1409.84
12/11/2006,1413.04
12/12/2006,1411.56
12/13/2006,1413.21
12/14/2006,1425.49
12/15/2006,1427.09
12/18/2006,1422.48
12/19/2006,1425.55
12/20/2006,1423.53
12/21/2006,1418.30
12/22/2006,1410.76
12/26/2006,1416.90
12/27/2006,1426.84
12/28/2006,1424.73
12/29/2006,1418.30
01/03/2007,1416.60
01/04/2007,1418.34
01/05/2007,1409.71
01/08/2007,1412.84
01/09/2007,1412.11
01/10/2007,1414.85
01/11/2007,1423.82
01/12/2007,1430.73
01/16/2007,1431.90
01/17/2007,1430.62
01/18/2007,1426.37
01/19/2007,1430.50
01/22/2007,1422.95
01/23/2007,1427.99
01/24/2007,1440.13
01/25/2007,1423.90
01/26/2007,1422.18
01/29/2007,1420.62
01/30/2007,1428.82
01/31/2007,1438.24
02/01/2007,1445.94
02/02/2007,1448.39
02/05/2007,1446.99
02/06/2007,1448.00
02/07/2007,1450.02
02/08/2007,1448.31
02/09/2007,1438.06
02/12/2007,1433.37
02/13/2007,1444.26
02/14/2007,1455.30
02/15/2007,1456.81
02/16/2007,1455.54
02/20/2007,1459.68
02/21/2007,1457.63
02/22/2007,1456.38
02/23/2007,1451.19
02/26/2007,1449.37
02/27/2007,1399.04
02/28/2007,1406.82
03/01/2007,1403.17
03/02/2007,1387.17
03/05/2007,1374.12
03/06/2007,1395.41
03/07/2007,1391.97
03/08/2007,1401.89
03/09/2007,1402.85
03/12/2007,1406.60
03/13/2007,1377.95
03/14/2007,1387.17
03/15/2007,1392.28
03/16/2007,1386.95
03/19/2007,1402.06
03/20/2007,1410.94
03/21/2007,1435.04
03/22/2007,1434.54
03/23/2007,1436.11
03/26/2007,1437.50
03/27/2007,1428.61
03/28/2007,1417.23
03/29/2007,1422.53
03/30/2007,1420.86
04/02/2007,1424.55
04/03/2007,1437.77
04/04/2007,1439.37
04/05/2007,1443.76
04/09/2007,1444.61
04/10/2007,1448.39
04/11/2007,1438.87
04/12/2007,1447.80
04/13/2007,1452.85
04/16/2007,1468.47
04/17/2007,1471.48
04/18/2007,1472.50
04/19/2007,1470.73
04/20/2007,1484.35
04/23/2007,1480.93
04/24/2007,1480.41
04/25/2007,1495.42
04/26/2007,1494.25
04/27/2007,1494.07
04/30/2007,1482.37
05/01/2007,1486.30
05/02/2007,1495.92
05/03/2007,1502.39
05/04/2007,1505.62
05/07/2007,1509.48
05/08/2007,1507.72
05/09/2007,1512.58
05/10/2007,1491.47
05/11/2007,1505.85
05/14/2007,1503.15
05/15/2007,1501.19
05/16/2007,1514.14
05/17/2007,1512.75
05/18/2007,1522.75
05/21/2007,1525.10
05/22/2007,1524.12
05/23/2007,1522.28
05/24/2007,1507.51
05/25/2007,1515.73
05/29/2007,1518.11
05/30/2007,1530.23
05/31/2007,1530.62
06/01/2007,1536.34
06/04/2007,1539.18
06/05/2007,1530.95
06/06/2007,1517.38
06/07/2007,1490.72
06/08/2007,1507.67
06/11/2007,1509.12
06/12/2007,1493.00
06/13/2007,1515.67
06/14/2007,1522.97
06/15/2007,1532.91
06/18/2007,1531.05
06/19/2007,1533.70
06/20/2007,1512.84
06/21/2007,1522.19
06/22/2007,1502.56
06/25/2007,1497.74
06/26/2007,1492.89
06/27/2007,1506.34
06/28/2007,1505.71
06/29/2007,1503.35
07/02/2007,1519.43
07/03/2007,1524.87
07/05/2007,1525.40
07/06/2007,1530.44
07/09/2007,1531.85
07/10/2007,1510.12
07/11/2007,1518.76
07/12/2007,1547.70
07/13/2007,1552.50
07/16/2007,1549.52
07/17/2007,1549.37
07/18/2007,1546.17
07/19/2007,1553.08
07/20/2007,1534.10
07/23/2007,1541.57
07/24/2007,1511.04
07/25/2007,1518.09
07/26/2007,1482.66
07/27/2007,1458.95
07/30/2007,1473.91
07/31/2007,1455.27
08/01/2007,1465.81
08/02/2007,1472.20
08/03/2007,1433.06
08/06/2007,1467.67
08/07/2007,1476.71
08/08/2007,1497.49
08/09/2007,1453.09
08/10/2007,1453.64
08/13/2007,1452.92
08/14/2007,1426.54
08/15/2007,1406.70
08/16/2007,1411.27
08/17/2007,1445.94
08/20/2007,1445.55
08/21/2007,1447.12
08/22/2007,1464.07
08/23/2007,1462.50
08/24/2007,1479.37
08/27/2007,1466.79
08/28/2007,1432.36
08/29/2007,1463.76
08/30/2007,1457.64
08/31/2007,1473.99
09/04/2007,1489.42
09/05/2007,1472.29
09/06/2007,1478.55
09/07/2007,1453.55
09/10/2007,1451.70
09/11/2007,1471.49
09/12/2007,1471.56
09/13/2007,1483.95
09/14/2007,1484.25
09/17/2007,1476.65
09/18/2007,1519.78
09/19/2007,1529.03
09/20/2007,1518.75
09/21/2007,1525.75
09/24/2007,1517.73
09/25/2007,1517.21
09/26/2007,1525.42
09/27/2007,1531.38
09/28/2007,1526.75
10/01/2007,1547.04
10/02/2007,1546.63
10/03/2007,1539.59
10/04/2007,1542.84
10/05/2007,1557.59
10/08/2007,1552.58
10/09/2007,1565.15
10/10/2007,1562.47
10/11/2007,1554.41
10/12/2007,1561.80
10/15/2007,1548.71
10/16/2007,1538.53
10/17/2007,1541.24
10/18/2007,1540.08
10/19/2007,1500.63
10/22/2007,1506.33
10/23/2007,1519.59
10/24/2007,1515.88
10/25/2007,1514.40
10/26/2007,1535.28
10/29/2007,1540.98
10/30/2007,1531.02
10/31/2007,1549.38
11/01/2007,1508.44
11/02/2007,1509.65
11/05/2007,1502.17
11/06/2007,1520.27
11/07/2007,1475.62
11/08/2007,1474.77
11/09/2007,1453.70
11/12/2007,1439.18
11/13/2007,1481.05
11/14/2007,1470.58
11/15/2007,1451.15
11/16/2007,1458.74
11/19/2007,1433.27
11/20/2007,1439.70
11/21/2007,1416.77
11/23/2007,1440.70
11/26/2007,1407.22
11/27/2007,1428.23
11/28/2007,1469.02
11/29/2007,1469.72
11/30/2007,1481.14
12/03/2007,1472.42
12/04/2007,1462.79
12/05/2007,1485.01
12/06/2007,1507.34
12/07/2007,1504.66
12/10/2007,1515.96
12/11/2007,1477.65
12/12/2007,1486.59
12/13/2007,1488.41
12/14/2007,1467.95
12/17/2007,1445.90
12/18/2007,1454.98
12/19/2007,1453.00
12/20/2007,1460.12
12/21/2007,1484.46
12/24/2007,1496.45
12/26/2007,1497.66
12/27/2007,1476.37
12/28/2007,1478.49
12/31/2007,1468.36
01/02/2008,1447.16
01/03/2008,1447.16
01/04/2008,1411.63
01/07/2008,1416.18
01/08/2008,1390.19
01/09/2008,1409.13
01/10/2008,1420.33
01/11/2008,1401.02
01/14/2008,1416.25
01/15/2008,1380.95
01/16/2008,1373.20
01/17/2008,1333.25
01/18/2008,1325.19
01/22/2008,1310.50
01/23/2008,1338.60
01/24/2008,1352.07
01/25/2008,1330.61
01/28/2008,1353.97
01/29/2008,1362.30
01/30/2008,1355.81
01/31/2008,1378.55
02/01/2008,1395.42
02/04/2008,1380.82
02/05/2008,1336.64
02/06/2008,1326.45
02/07/2008,1336.91
02/08/2008,1331.29
02/11/2008,1339.13
02/12/2008,1348.86
02/13/2008,1367.21
02/14/2008,1348.86
02/15/2008,1349.99
02/19/2008,1348.78
02/20/2008,1360.03
02/21/2008,1342.53
02/22/2008,1353.11
02/25/2008,1371.80
02/26/2008,1381.29
02/27/2008,1380.02
02/28/2008,1367.68
02/29/2008,1330.63
03/03/2008,1331.34
03/04/2008,1326.75
03/05/2008,1333.70
03/06/2008,1304.34
03/07/2008,1293.37
03/10/2008,1273.37
03/11/2008,1320.65
03/12/2008,1308.77
03/13/2008,1315.48
03/14/2008,1288.14
03/17/2008,1276.60
03/18/2008,1330.74
03/19/2008,1298.42
03/20/2008,1329.51
03/24/2008,1349.88
03/25/2008,1352.99
03/26/2008,1341.13
03/27/2008,1325.76
03/28/2008,1315.22
03/31/2008,1322.70
04/01/2008,1370.18
04/02/2008,1367.53
04/03/2008,1369.31
04/04/2008,1370.40
04/07/2008,1372.54
04/08/2008,1365.54
04/09/2008,1354.49
04/10/2008,1360.55
04/11/2008,1332.83
04/14/2008,1328.32
04/15/2008,1334.43
04/16/2008,1364.71
04/17/2008,1365.56
04/18/2008,1390.33
04/21/2008,1388.17
04/22/2008,1375.94
04/23/2008,1379.93
04/24/2008,1388.82
04/25/2008,1397.84
04/28/2008,1396.37
04/29/2008,1390.94
04/30/2008,1385.59
05/01/2008,1409.34
05/02/2008,1413.90
05/05/2008,1407.49
05/06/2008,1418.26
05/07/2008,1392.57
05/08/2008,1397.68
05/09/2008,1388.28
05/12/2008,1403.58
05/13/2008,1403.04
05/14/2008,1408.66
05/15/2008,1423.57
05/16/2008,1425.35
05/19/2008,1426.63
05/20/2008,1413.40
05/21/2008,1390.71
05/22/2008,1394.35
05/23/2008,1375.93
05/27/2008,1385.35
05/28/2008,1390.84
05/29/2008,1398.26
05/30/2008,1400.38
06/02/2008,1385.67
06/03/2008,1377.65
06/04/2008,1377.20
06/05/2008,1404.05
06/06/2008,1360.68
06/09/2008,1361.76
06/10/2008,1358.44
06/11/2008,1335.49
06/12/2008,1339.87
06/13/2008,1360.03
06/16/2008,1360.14
06/17/2008,1350.93
06/18/2008,1337.81
06/19/2008,1342.83
06/20/2008,1317.93
06/23/2008,1318.00
06/24/2008,1314.29
06/25/2008,1321.97
06/26/2008,1283.15
06/27/2008,1278.38
06/30/2008,1280.00
07/01/2008,1284.91
07/02/2008,1261.52
07/03/2008,1262.90
07/07/2008,1252.31
07/08/2008,1273.70
07/09/2008,1244.69
07/10/2008,1253.39
07/11/2008,1239.49
07/14/2008,1228.30
07/15/2008,1214.91
07/16/2008,1245.36
07/17/2008,1260.32
07/18/2008,1260.68
07/21/2008,1260.00
07/22/2008,1277.00
07/23/2008,1282.19
07/24/2008,1252.54
07/25/2008,1257.76
07/28/2008,1234.37
07/29/2008,1263.20
07/30/2008,1284.26
07/31/2008,1267.38
08/01/2008,1260.31
08/04/2008,1249.01
08/05/2008,1284.88
08/06/2008,1289.19
08/07/2008,1266.07
08/08/2008,1296.32
08/11/2008,1305.32
08/12/2008,1289.59
08/13/2008,1285.83
08/14/2008,1292.93
08/15/2008,1298.20
08/18/2008,1278.60
08/19/2008,1266.69
08/20/2008,1274.54
08/21/2008,1277.72
08/22/2008,1292.20
08/25/2008,1266.84
08/26/2008,1271.51
08/27/2008,1281.66
08/28/2008,1300.68
08/29/2008,1282.83
09/02/2008,1277.58
09/03/2008,1274.98
09/04/2008,1236.83
09/05/2008,1242.31
09/08/2008,1267.79
09/09/2008,1224.51
09/10/2008,1232.04
09/11/2008,1249.05
09/12/2008,1251.70
09/15/2008,1192.70
09/16/2008,1213.59
09/17/2008,1156.39
09/18/2008,1206.51
09/19/2008,1255.08
09/22/2008,1207.09
09/23/2008,1188.22
09/24/2008,1185.87
09/25/2008,1209.18
09/26/2008,1213.01
09/29/2008,1106.39
09/30/2008,1166.36
10/01/2008,1161.06
10/02/2008,1114.28
10/03/2008,1099.23
10/06/2008,1056.89
10/07/2008,996.23
10/08/2008,984.94
10/09/2008,909.92
10/10/2008,899.22
10/13/2008,1003.35
10/14/2008,998.01
10/15/2008,907.84
10/16/2008,946.43
10/17/2008,940.55
10/20/2008,985.40
10/21/2008,955.05
10/22/2008,896.78
10/23/2008,908.11
10/24/2008,876.77
10/27/2008,848.92
10/28/2008,940.51
10/29/2008,930.09
10/30/2008,954.09
10/31/2008,968.75
11/03/2008,966.30
11/04/2008,1005.75
11/05/2008,952.77
11/06/2008,904.88
11/07/2008,930.99
11/10/2008,919.21
11/11/2008,898.95
11/12/2008,852.30
11/13/2008,911.29
11/14/2008,873.29
11/17/2008,850.75
11/18/2008,859.12
11/19/2008,806.58
11/20/2008,752.44
11/21/2008,800.03
11/24/2008,851.81
11/25/2008,857.39
11/26/2008,887.68
11/28/2008,896.24
12/01/2008,816.21
12/02/2008,848.81
12/03/2008,870.74
12/04/2008,845.22
12/05/2008,876.07
12/08/2008,909.70
12/09/2008,888.67
12/10/2008,899.24
12/11/2008,873.59
12/12/2008,879.73
12/15/2008,868.57
12/16/2008,913.18
12/17/2008,904.42
12/18/2008,885.28
12/19/2008,887.88
12/22/2008,871.63
12/23/2008,863.16
12/24/2008,868.15
12/26/2008,872.80
12/29/2008,869.42
12/30/2008,890.64
12/31/2008,903.25
01/02/2009,931.80
01/05/2009,927.45
01/06/2009,934.70
01/07/2009,906.65
01/08/2009,909.73
01/09/2009,890.35
01/12/2009,870.26
01/13/2009,871.79
01/14/2009,842.62
01/15/2009,843.74
01/16/2009,850.12
01/20/2009,805.22
01/21/2009,840.24
01/22/2009,827.50
01/23/2009,831.95
01/26/2009,836.57
01/27/2009,845.71
01/28/2009,874.09
01/29/2009,845.14
01/30/2009,825.88
02/02/2009,825.44
02/03/2009,838.51
02/04/2009,832.23
02/05/2009,845.85
02/06/2009,868.60
02/09/2009,869.89
02/10/2009,827.16
02/11/2009,833.74
02/12/2009,835.19
02/13/2009,826.84
02/17/2009,789.17
02/18/2009,788.42
02/19/2009,778.94
02/20/2009,770.05
02/23/2009,743.33
02/24/2009,773.14
02/25/2009,764.90
02/26/2009,752.83
02/27/2009,735.09
03/02/2009,700.82
03/03/2009,696.33
03/04/2009,712.87
03/05/2009,682.55
03/06/2009,683.38
03/09/2009,676.53
03/10/2009,719.60
03/11/2009,721.36
03/12/2009,750.74
03/13/2009,756.55
03/16/2009,753.89
03/17/2009,778.12
03/18/2009,794.35
03/19/2009,784.04
03/20/2009,768.54
03/23/2009,822.92
03/24/2009,806.12
03/25/2009,813.88
03/26/2009,832.86
03/27/2009,815.94
03/30/2009,787.53
03/31/2009,797.87
04/01/2009,811.08
04/02/2009,834.38
04/03/2009,842.50
04/06/2009,835.48
04/07/2009,815.55
04/08/2009,825.16
04/09/2009,856.56
04/13/2009,858.73
04/14/2009,841.50
04/15/2009,852.06
04/16/2009,865.30
04/17/2009,869.60
04/20/2009,832.39
04/21/2009,850.08
04/22/2009,843.55
04/23/2009,851.92
04/24/2009,866.23
04/27/2009,857.51
04/28/2009,855.16
04/29/2009,873.64
04/30/2009,872.81
05/01/2009,877.52
05/04/2009,907.24
05/05/2009,903.80
05/06/2009,919.53
05/07/2009,907.39
05/08/2009,929.23
05/11/2009,909.24
05/12/2009,908.35
05/13/2009,883.92
05/14/2009,893.07
05/15/2009,882.88
05/18/2009,909.71
05/19/2009,908.13
05/20/2009,903.47
05/21/2009,888.33
05/22/2009,887.00
05/26/2009,910.33
05/27/2009,893.06
05/28/2009,906.83
05/29/2009,919.14
06/01/2009,942.87
06/02/2009,944.74
06/03/2009,931.76
06/04/2009,942.46
06/05/2009,940.09
06/08/2009,939.14
06/09/2009,942.43
06/10/2009,939.15
06/11/2009,944.89
06/12/2009,946.21
06/15/2009,923.72
06/16/2009,911.97
06/17/2009,910.71
06/18/2009,918.37
06/19/2009,921.23
06/22/2009,893.04
06/23/2009,895.10
06/24/2009,900.94
06/25/2009,920.26
06/26/2009,918.90
06/29/2009,927.23
06/30/2009,919.32
07/01/2009,923.33
07/02/2009,896.42
07/06/2009,898.72
07/07/2009,881.03
07/08/2009,879.56
07/09/2009,882.68
07/10/2009,879.13
07/13/2009,901.05
07/14/2009,905.84
07/15/2009,932.68
07/16/2009,940.74
07/17/2009,940.38
07/20/2009,951.13
07/21/2009,954.58
07/22/2009,954.07
07/23/2009,976.29
07/24/2009,979.26
07/27/2009,982.18
07/28/2009,979.62
07/29/2009,975.15
07/30/2009,986.75
07/31/2009,987.48
08/03/2009,1002.63
08/04/2009,1005.65
08/05/2009,1002.72
08/06/2009,997.08
08/07/2009,1010.48
08/10/2009,1007.10
08/11/2009,994.35
08/12/2009,1005.81
08/13/2009,1012.73
08/14/2009,1004.09
08/17/2009,979.73
08/18/2009,989.67
08/19/2009,996.46
08/20/2009,1007.37
08/21/2009,1026.13
08/24/2009,1025.57
08/25/2009,1028.00
08/26/2009,1028.12
08/27/2009,1030.98
08/28/2009,1028.93
08/31/2009,1020.62
09/01/2009,998.04
09/02/2009,994.75
09/03/2009,1003.24
09/04/2009,1016.40
09/08/2009,1025.39
09/09/2009,1033.37
09/10/2009,1044.14
09/11/2009,1042.73
09/14/2009,1049.34
09/15/2009,1052.63
09/16/2009,1068.76
09/17/2009,1065.49
09/18/2009,1068.30
09/21/2009,1064.66
09/22/2009,1071.66
09/23/2009,1060.87
09/24/2009,1050.78
09/25/2009,1044.38
09/28/2009,1062.98
09/29/2009,1060.61
09/30/2009,1057.08
10/01/2009,1029.85
10/02/2009,1025.21
10/05/2009,1040.46
10/06/2009,1054.72
10/07/2009,1057.58
10/08/2009,1065.48
10/09/2009,1071.49
10/12/2009,1076.19
10/13/2009,1073.19
10/14/2009,1092.02
10/15/2009,1096.56
10/16/2009,1087.68
10/19/2009,1097.91
10/20/2009,1091.06
10/21/2009,1081.40
10/22/2009,1092.91
10/23/2009,1079.60
10/26/2009,1066.95
10/27/2009,1063.41
10/28/2009,1042.63
10/29/2009,1066.11
10/30/2009,1036.19
11/02/2009,1042.88
11/03/2009,1045.41
11/04/2009,1046.50
11/05/2009,1066.63
11/06/2009,1069.30
11/09/2009,1093.08
11/10/2009,1093.01
11/11/2009,1098.51
11/12/2009,1087.24
11/13/2009,1093.48
11/16/2009,1109.30
11/17/2009,1110.32
11/18/2009,1109.80
11/19/2009,1094.90
11/20/2009,1091.38
11/23/2009,1106.24
11/24/2009,1105.65
11/25/2009,1110.63
11/27/2009,1091.49
11/30/2009,1095.63
12/01/2009,1108.86
12/02/2009,1109.24
12/03/2009,1099.92
12/04/2009,1105.98
12/07/2009,1103.25
12/08/2009,1091.94
12/09/2009,1095.95
12/10/2009,1102.35
12/11/2009,1106.41
12/14/2009,1114.11
12/15/2009,1107.93
12/16/2009,1109.18
12/17/2009,1096.08
12/18/2009,1102.47
12/21/2009,1114.05
12/22/2009,1118.02
12/23/2009,1120.59
12/24/2009,1126.48
12/28/2009,1127.78
12/29/2009,1126.20
12/30/2009,1126.42
12/31/2009,1115.10
01/04/2010,1132.99
01/05/2010,1136.52
01/06/2010,1137.14
01/07/2010,1141.69
01/08/2010,1144.98
01/11/2010,1146.98
01/12/2010,1136.22
01/13/2010,1145.68
01/14/2010,1148.46
01/15/2010,1136.03
01/19/2010,1150.23
01/20/2010,1138.04
01/21/2010,1116.48
01/22/2010,1091.76
01/25/2010,1096.78
01/26/2010,1092.17
01/27/2010,1097.50
01/28/2010,1084.53
01/29/2010,1073.87
02/01/2010,1089.19
02/02/2010,1103.32
02/03/2010,1097.28
02/04/2010,1063.11
02/05/2010,1066.19
02/08/2010,1056.74
02/09/2010,1070.52
02/10/2010,1068.13
02/11/2010,1078.47
02/12/2010,1075.51
02/16/2010,1094.87
02/17/2010,1099.51
02/18/2010,1106.75
02/19/2010,1109.17
02/22/2010,1108.01
02/23/2010,1094.60
02/24/2010,1105.24
02/25/2010,1102.94
02/26/2010,1104.49
03/01/2010,1115.71
03/02/2010,1118.31
03/03/2010,1118.79
03/04/2010,1122.97
03/05/2010,1138.70
03/08/2010,1138.50
03/09/2010,1140.45
03/10/2010,1145.61
03/11/2010,1150.24
03/12/2010,1149.99
03/15/2010,1150.51
03/16/2010,1159.46
03/17/2010,1166.21
03/18/2010,1165.83
03/19/2010,1159.90
03/22/2010,1165.81
03/23/2010,1174.17
03/24/2010,1167.72
03/25/2010,1165.73
03/26/2010,1166.59
03/29/2010,1173.22
03/30/2010,1173.27
03/31/2010,1169.43
04/01/2010,1178.10
04/05/2010,1187.44
04/06/2010,1189.44
04/07/2010,1182.45
04/08/2010,1186.44
04/09/2010,1194.37
04/12/2010,1196.48
04/13/2010,1197.30
04/14/2010,1210.65
04/15/2010,1211.67
04/16/2010,1192.13
04/19/2010,1197.52
04/20/2010,1207.17
04/21/2010,1205.94
04/22/2010,1208.67
04/23/2010,1217.28
04/26/2010,1212.05
04/27/2010,1183.71
04/28/2010,1191.36
04/29/2010,1206.78
04/30/2010,1186.69
05/03/2010,1202.26
05/04/2010,1173.60
05/05/2010,1165.90
05/06/2010,1128.15
05/07/2010,1110.88
05/10/2010,1159.73
05/11/2010,1155.79
05/12/2010,1171.67
05/13/2010,1157.44
05/14/2010,1135.68
05/17/2010,1136.94
05/18/2010,1120.80
05/19/2010,1115.05
05/20/2010,1071.59
05/21/2010,1087.69
05/24/2010,1073.65
05/25/2010,1074.03
05/26/2010,1067.95
05/27/2010,1103.06
05/28/2010,1089.41
06/01/2010,1070.71
06/02/2010,1098.38
06/03/2010,1102.83
06/04/2010,1064.88
06/07/2010,1050.47
06/08/2010,1062.00
06/09/2010,1055.69
06/10/2010,1086.84
06/11/2010,1091.60
06/14/2010,1089.63
06/15/2010,1115.23
06/16/2010,1114.61
06/17/2010,1116.04
06/18/2010,1117.51
06/21/2010,1113.20
06/22/2010,1095.31
06/23/2010,1092.04
06/24/2010,1073.69
06/25/2010,1076.76
06/28/2010,1074.57
06/29/2010,1041.24
06/30/2010,1030.71
07/01/2010,1027.37
07/02/2010,1022.58
07/06/2010,1028.06
07/07/2010,1060.27
07/08/2010,1070.25
07/09/2010,1077.96
07/12/2010,1078.75
07/13/2010,1095.34
07/14/2010,1095.17
07/15/2010,1096.48
07/16/2010,1064.88
07/19/2010,1071.25
07/20/2010,1083.48
07/21/2010,1069.59
07/22/2010,1093.67
07/23/2010,1102.66
07/26/2010,1115.01
07/27/2010,1113.84
07/28/2010,1106.13
07/29/2010,1101.53
07/30/2010,1101.60
08/02/2010,1125.86
08/03/2010,1120.46
08/04/2010,1127.24
08/05/2010,1125.81
08/06/2010,1121.64
08/09/2010,1127.79
08/10/2010,1121.06
08/11/2010,1089.47
08/12/2010,1083.61
08/13/2010,1079.25
08/16/2010,1079.38
08/17/2010,1092.54
08/18/2010,1094.16
08/19/2010,1075.63
08/20/2010,1071.69
08/23/2010,1067.36
08/24/2010,1051.87
08/25/2010,1055.33
08/26/2010,1047.22
08/27/2010,1064.59
08/30/2010,1048.92
08/31/2010,1049.33
09/01/2010,1080.29
09/02/2010,1090.10
09/03/2010,1104.51
09/07/2010,1091.84
09/08/2010,1098.87
09/09/2010,1104.18
09/10/2010,1109.55
09/13/2010,1121.90
09/14/2010,1121.10
09/15/2010,1125.07
09/16/2010,1124.66
09/17/2010,1125.59
09/20/2010,1142.71
09/21/2010,1139.78
09/22/2010,1134.28
09/23/2010,1124.83
09/24/2010,1148.67
09/27/2010,1142.16
09/28/2010,1147.70
09/29/2010,1144.73
09/30/2010,1141.20
10/01/2010,1146.24
10/04/2010,1137.03
10/05/2010,1160.75
10/06/2010,1159.97
10/07/2010,1158.06
10/08/2010,1165.15
10/11/2010,1165.32
10/12/2010,1169.77
10/13/2010,1178.10
10/14/2010,1173.81
10/15/2010,1176.19
10/18/2010,1184.71
10/19/2010,1165.90
10/20/2010,1178.17
10/21/2010,1180.26
10/22/2010,1183.08
10/25/2010,1185.62
10/26/2010,1185.64
10/27/2010,1182.45
10/28/2010,1183.78
10/29/2010,1183.26
11/01/2010,1184.38
11/02/2010,1193.57
11/03/2010,1197.96
11/04/2010,1221.06
11/05/2010,1225.85
11/08/2010,1223.25
11/09/2010,1213.40
11/10/2010,1218.71
11/11/2010,1213.54
11/12/2010,1199.21
11/15/2010,1197.75
11/16/2010,1178.34
11/17/2010,1178.59
11/18/2010,1196.69
11/19/2010,1199.73
11/22/2010,1197.84
11/23/2010,1180.73
11/24/2010,1198.35
11/26/2010,1189.40
11/29/2010,1187.76
11/30/2010,1180.55
12/01/2010,1206.07
12/02/2010,1221.53
12/03/2010,1224.71
12/06/2010,1223.12
12/07/2010,1223.75
12/08/2010,1228.28
12/09/2010,1233.00
12/10/2010,1240.40
12/13/2010,1240.46
12/14/2010,1241.59
12/15/2010,1235.23
12/16/2010,1242.87
12/17/2010,1243.91
12/20/2010,1247.08
12/21/2010,1254.60
12/22/2010,1258.84
12/23/2010,1256.77
12/27/2010,1257.54
12/28/2010,1258.51
12/29/2010,1259.78
12/30/2010,1257.88
12/31/2010,1257.64
01/03/2011,1271.87
01/04/2011,1270.20
01/05/2011,1276.56
01/06/2011,1273.85
01/07/2011,1271.50
01/10/2011,1269.75
01/11/2011,1274.48
01/12/2011,1285.96
01/13/2011,1283.76
01/14/2011,1293.24
01/18/2011,1295.02
01/19/2011,1281.92
01/20/2011,1280.26
01/21/2011,1283.35
01/24/2011,1290.84
01/25/2011,1291.18
01/26/2011,1296.63
01/27/2011,1299.54
01/28/2011,1276.34
01/31/2011,1286.12
02/01/2011,1307.59
02/02/2011,1304.03
02/03/2011,1307.10
02/04/2011,1310.87
02/07/2011,1319.05
02/08/2011,1324.57
02/09/2011,1320.88
02/10/2011,1321.87
02/11/2011,1329.15
02/14/2011,1332.32
02/15/2011,1328.01
02/16/2011,1336.32
02/17/2011,1340.43
02/18/2011,1343.01
02/22/2011,1315.44
02/23/2011,1307.40
02/24/2011,1306.10
02/25/2011,1319.88
02/28/2011,1327.22
03/01/2011,1306.33
03/02/2011,1308.44
03/03/2011,1330.97
03/04/2011,1321.15
03/07/2011,1310.13
03/08/2011,1321.82
03/09/2011,1320.02
03/10/2011,1295.11
03/11/2011,1304.28
03/14/2011,1296.39
03/15/2011,1281.87
03/16/2011,1256.88
03/17/2011,1273.72
03/18/2011,1279.20
03/21/2011,1298.38
03/22/2011,1293.77
03/23/2011,1297.54
03/24/2011,1309.66
03/25/2011,1313.80
03/28/2011,1310.19
03/29/2011,1319.44
03/30/2011,1328.26
03/31/2011,1325.83
04/01/2011,1332.41
04/04/2011,1332.87
04/05/2011,1332.63
04/06/2011,1335.54
04/07/2011,1333.51
04/08/2011,1328.17
04/11/2011,1324.46
04/12/2011,1314.16
04/13/2011,1314.41
04/14/2011,1314.52
04/15/2011,1319.68
04/18/2011,1305.14
04/19/2011,1312.62
04/20/2011,1330.36
04/21/2011,1337.38
04/25/2011,1335.25
04/26/2011,1347.24
04/27/2011,1355.66
04/28/2011,1360.48
04/29/2011,1363.61
05/02/2011,1361.22
05/03/2011,1356.62
05/04/2011,1347.32
05/05/2011,1335.10
05/06/2011,1340.20
05/09/2011,1346.29
05/10/2011,1357.16
05/11/2011,1342.08
05/12/2011,1348.65
05/13/2011,1337.77
05/16/2011,1329.47
05/17/2011,1328.98
05/18/2011,1340.68
05/19/2011,1343.60
05/20/2011,1333.27
05/23/2011,1317.37
05/24/2011,1316.28
05/25/2011,1320.47
05/26/2011,1325.69
05/27/2011,1331.10
05/31/2011,1345.20
06/01/2011,1314.55
06/02/2011,1312.94
06/03/2011,1300.16
06/06/2011,1286.17
06/07/2011,1284.94
06/08/2011,1279.56
06/09/2011,1289.00
06/10/2011,1270.98
06/13/2011,1271.83
06/14/2011,1287.87
06/15/2011,1265.42
06/16/2011,1267.64
06/17/2011,1271.50
06/20/2011,1278.36
06/21/2011,1295.52
06/22/2011,1287.14
06/23/2011,1283.50
06/24/2011,1268.45
06/27/2011,1280.10
06/28/2011,1296.67
06/29/2011,1307.41
06/30/2011,1320.64
07/01/2011,1339.67
07/05/2011,1337.88
07/06/2011,1339.22
07/07/2011,1353.22
07/08/2011,1343.80
07/11/2011,1319.49
07/12/2011,1313.64
07/13/2011,1317.72
07/14/2011,1308.87
07/15/2011,1316.14
07/18/2011,1305.44
07/19/2011,1326.73
07/20/2011,1325.84
07/21/2011,1343.80
07/22/2011,1345.02
07/25/2011,1337.43
07/26/2011,1331.94
07/27/2011,1304.89
07/28/2011,1300.67
07/29/2011,1292.28
08/01/2011,1286.94
08/02/2011,1254.05
08/03/2011,1260.34
08/04/2011,1200.07
08/05/2011,1199.38
08/08/2011,1119.46
08/09/2011,1172.53
08/10/2011,1120.76
08/11/2011,1172.64
08/12/2011,1178.81
08/15/2011,1204.49
08/16/2011,1192.76
08/17/2011,1193.89
08/18/2011,1140.65
08/19/2011,1123.53
08/22/2011,1123.82
08/23/2011,1162.35
08/24/2011,1177.60
08/25/2011,1159.27
08/26/2011,1176.80
08/29/2011,1210.08
08/30/2011,1212.92
08/31/2011,1218.89
09/01/2011,1204.42
09/02/2011,1173.97
09/06/2011,1165.24
09/07/2011,1198.62
09/08/2011,1185.90
09/09/2011,1154.23
09/12/2011,1162.27
09/13/2011,1172.87
09/14/2011,1188.68
09/15/2011,1209.11
09/16/2011,1216.01
09/19/2011,1204.09
09/20/2011,1202.09
09/21/2011,1166.76
09/22/2011,1129.56
09/23/2011,1136.43
09/26/2011,1162.95
09/27/2011,1175.38
09/28/2011,1151.06
09/29/2011,1160.40
09/30/2011,1131.42
10/03/2011,1099.23
10/04/2011,1123.95
10/05/2011,1144.03
10/06/2011,1164.97
10/07/2011,1155.46
10/10/2011,1194.89
10/11/2011,1195.54
10/12/2011,1207.25
10/13/2011,1203.66
10/14/2011,1224.58
10/17/2011,1200.86
10/18/2011,1225.38
10/19/2011,1209.88
10/20/2011,1215.39
10/21/2011,1238.25
10/24/2011,1254.19
10/25/2011,1229.05
10/26/2011,1242.00
10/27/2011,1284.59
10/28/2011,1285.09
10/31/2011,1253.30
11/01/2011,1218.28
11/02/2011,1237.90
11/03/2011,1261.15
11/04/2011,1253.23
11/07/2011,1261.12
11/08/2011,1275.92
11/09/2011,1229.10
11/10/2011,1239.69
11/11/2011,1263.85
11/14/2011,1251.78
11/15/2011,1257.81
11/16/2011,1236.91
11/17/2011,1216.13
11/18/2011,1215.65
11/21/2011,1192.98
11/22/2011,1188.04
11/23/2011,1161.79
11/25/2011,1158.67
11/28/2011,1192.55
11/29/2011,1195.19
11/30/2011,1246.96
12/01/2011,1244.58
12/02/2011,1244.28
12/05/2011,1257.08
12/06/2011,1258.47
12/07/2011,1261.01
12/08/2011,1234.35
12/09/2011,1255.19
12/12/2011,1236.47
12/13/2011,1225.73
12/14/2011,1211.82
12/15/2011,1215.75
12/16/2011,1219.66
12/19/2011,1205.35
12/20/2011,1241.30
12/21/2011,1243.72
12/22/2011,1254.00
12/23/2011,1265.33
12/27/2011,1265.43
12/28/2011,1249.64
12/29/2011,1263.02
12/30/2011,1257.60
01/03/2012,1277.06
01/04/2012,1277.30
01/05/2012,1281.06
01/06/2012,1277.81
01/09/2012,1280.70
01/10/2012,1292.08
01/11/2012,1292.48
01/12/2012,1295.50
01/13/2012,1289.09
01/17/2012,1293.67
01/18/2012,1308.04
01/19/2012,1314.50
01/20/2012,1315.38
01/23/2012,1316.00
01/24/2012,1314.65
01/25/2012,1326.05
01/26/2012,1318.43
01/27/2012,1316.33
01/30/2012,1313.01
01/31/2012,1312.41
02/01/2012,1324.09
02/02/2012,1325.54
02/03/2012,1344.90
02/06/2012,1344.33
02/07/2012,1347.05
02/08/2012,1349.96
02/09/2012,1351.95
02/10/2012,1342.64
02/13/2012,1351.77
02/14/2012,1350.50
02/15/2012,1343.23
02/16/2012,1358.04
02/17/2012,1361.23
02/21/2012,1362.21
02/22/2012,1357.66
02/23/2012,1363.46
02/24/2012,1365.74
02/27/2012,1367.59
02/28/2012,1372.18
02/29/2012,1365.68
03/01/2012,1374.09
03/02/2012,1369.63
03/05/2012,1364.33
03/06/2012,1343.36
03/07/2012,1352.63
03/08/2012,1365.91
03/09/2012,1370.87
03/12/2012,1371.09
03/13/2012,1395.95
03/14/2012,1394.28
03/15/2012,1402.60
03/16/2012,1404.17
03/19/2012,1409.75
03/20/2012,1405.52
03/21/2012,1402.89
03/22/2012,1392.78
03/23/2012,1397.11
03/26/2012,1416.51
03/27/2012,1412.52
03/28/2012,1405.54
03/29/2012,1403.28
03/30/2012,1408.47
04/02/2012,1419.04
04/03/2012,1413.38
04/04/2012,1398.96
04/05/2012,1398.08
04/09/2012,1382.20
04/10/2012,1358.59
04/11/2012,1368.71
04/12/2012,1387.57
04/13/2012,1370.26
04/16/2012,1369.57
04/17/2012,1390.78
04/18/2012,1385.14
04/19/2012,1376.92
04/20/2012,1378.53
04/23/2012,1366.94
04/24/2012,1371.97
04/25/2012,1390.69
04/26/2012,1399.98
04/27/2012,1403.36
04/30/2012,1397.91
05/01/2012,1405.82
05/02/2012,1402.31
05/03/2012,1391.57
05/04/2012,1369.10
05/07/2012,1369.58
05/08/2012,1363.72
05/09/2012,1354.58
05/10/2012,1357.99
05/11/2012,1353.39
05/14/2012,1338.35
05/15/2012,1330.66
05/16/2012,1324.80
05/17/2012,1304.86
05/18/2012,1295.22
05/21/2012,1315.99
05/22/2012,1316.63
05/23/2012,1318.86
05/24/2012,1320.68
05/25/2012,1317.82
05/29/2012,1332.42
05/30/2012,1313.32
05/31/2012,1310.33
06/01/2012,1278.04
06/04/2012,1278.18
06/05/2012,1285.50
06/06/2012,1315.13
06/07/2012,1314.99
06/08/2012,1325.66
06/11/2012,1308.93
06/12/2012,1324.18
06/13/2012,1314.88
06/14/2012,1329.10
06/15/2012,1342.84
06/18/2012,1344.78
06/19/2012,1357.98
06/20/2012,1355.69
06/21/2012,1325.51
06/22/2012,1335.02
06/25/2012,1313.72
06/26/2012,1319.99
06/27/2012,1331.85
06/28/2012,1329.04
06/29/2012,1362.16
07/02/2012,1365.51
07/03/2012,1374.02
07/05/2012,1367.58
07/06/2012,1354.68
07/09/2012,1352.46
07/10/2012,1341.47
07/11/2012,1341.45
07/12/2012,1334.76
07/13/2012,1356.78
07/16/2012,1353.64
07/17/2012,1363.67
07/18/2012,1372.78
07/19/2012,1376.51
07/20/2012,1362.66
07/23/2012,1350.52
07/24/2012,1338.31
07/25/2012,1337.89
07/26/2012,1360.02
07/27/2012,1385.97
07/30/2012,1385.30
07/31/2012,1379.32
08/01/2012,1375.14
08/02/2012,1365.00
08/03/2012,1390.99
08/06/2012,1394.23
08/07/2012,1401.35
08/08/2012,1402.22
08/09/2012,1402.80
08/10/2012,1405.87
08/13/2012,1404.11
08/14/2012,1403.93
08/15/2012,1405.53
08/16/2012,1415.51
08/17/2012,1418.16
08/20/2012,1418.13
08/21/2012,1413.17
08/22/2012,1413.49
08/23/2012,1402.08
08/24/2012,1411.13
08/27/2012,1410.44
08/28/2012,1409.30
08/29/2012,1410.49
08/30/2012,1399.48
08/31/2012,1406.58
09/04/2012,1404.94
09/05/2012,1403.44
09/06/2012,1432.12
09/07/2012,1437.92
09/10/2012,1429.08
09/11/2012,1433.56
09/12/2012,1436.56
09/13/2012,1459.99
09/14/2012,1465.77
09/17/2012,1461.19
09/18/2012,1459.32
09/19/2012,1461.05
09/20/2012,1460.26
09/21/2012,1460.15
09/24/2012,1456.89
09/25/2012,1441.59
09/26/2012,1433.32
09/27/2012,1447.15
09/28/2012,1440.67
10/01/2012,1444.49
10/02/2012,1445.75
10/03/2012,1450.99
10/04/2012,1461.40
10/05/2012,1460.93
10/08/2012,1455.88
10/09/2012,1441.48
10/10/2012,1432.56
10/11/2012,1432.84
10/12/2012,1428.59
10/15/2012,1440.13
10/16/2012,1454.92
10/17/2012,1460.91
10/18/2012,1457.34
10/19/2012,1433.19
10/22/2012,1433.82
10/23/2012,1413.11
10/24/2012,1408.75
10/25/2012,1412.97
10/26/2012,1411.94
10/31/2012,1412.16
11/01/2012,1427.59
11/02/2012,1414.20
11/05/2012,1417.26
11/06/2012,1428.39
11/07/2012,1394.53
11/08/2012,1377.51
11/09/2012,1379.85
11/12/2012,1380.03
11/13/2012,1374.53
11/14/2012,1355.49
11/15/2012,1353.33
11/16/2012,1359.88
11/19/2012,1386.89
11/20/2012,1387.81
11/21/2012,1391.03
11/23/2012,1409.15
11/26/2012,1406.29
11/27/2012,1398.94
11/28/2012,1409.93
11/29/2012,1415.95
11/30/2012,1416.18
12/03/2012,1409.46
12/04/2012,1407.05
12/05/2012,1409.28
12/06/2012,1413.94
12/07/2012,1418.07
12/10/2012,1418.55
12/11/2012,1427.84
12/12/2012,1428.48
12/13/2012,1419.45
12/14/2012,1413.58
12/17/2012,1430.36
12/18/2012,1446.79
12/19/2012,1435.81
12/20/2012,1443.69
12/21/2012,1430.15
12/24/2012,1426.66
12/26/2012,1419.83
12/27/2012,1418.10
12/28/2012,1402.43
12/31/2012,1426.19
01/02/2013,1462.42
01/03/2013,1459.37
01/04/2013,1466.47
01/07/2013,1461.89
01/08/2013,1457.15
01/09/2013,1461.02
01/10/2013,1472.12
01/11/2013,1472.05
01/14/2013,1470.68
01/15/2013,1472.34
01/16/2013,1472.63
01/17/2013,1480.94
01/18/2013,1485.98
01/22/2013,1492.56
01/23/2013,1494.81
01/24/2013,1494.82
01/25/2013,1502.96
01/28/2013,1500.18
01/29/2013,1507.84
01/30/2013,1501.96
01/31/2013,1498.11
02/01/2013,1513.17
02/04/2013,1495.71
02/05/2013,1511.29
02/06/2013,1512.12
02/07/2013,1509.39
02/08/2013,1517.93
02/11/2013,1517.01
02/12/2013,1519.43
02/13/2013,1520.33
02/14/2013,1521.38
02/15/2013,1519.79
02/19/2013,1530.94
02/20/2013,1511.95
02/21/2013,1502.42
02/22/2013,1515.60
02/25/2013,1487.85
02/26/2013,1496.94
02/27/2013,1515.99
02/28/2013,1514.68
03/01/2013,1518.20
03/04/2013,1525.20
03/05/2013,1539.79
03/06/2013,1541.46
03/07/2013,1544.26
03/08/2013,1551.18
03/11/2013,1556.22
03/12/2013,1552.48
03/13/2013,1554.52
03/14/2013,1563.23
03/15/2013,1560.70
03/18/2013,1552.10
03/19/2013,1548.34
03/20/2013,1558.71
03/21/2013,1545.80
03/22/2013,1556.89
03/25/2013,1551.69
03/26/2013,1563.77
03/27/2013,1562.85
03/28/2013,1569.19
04/01/2013,1562.17
04/02/2013,1570.25
04/03/2013,1553.69
04/04/2013,1559.98
04/05/2013,1553.28
04/08/2013,1563.07
04/09/2013,1568.61
04/10/2013,1587.73
04/11/2013,1593.37
04/12/2013,1588.85
04/15/2013,1552.36
04/16/2013,1574.57
04/17/2013,1552.01
04/18/2013,1541.61
04/19/2013,1555.25
04/22/2013,1562.50
04/23/2013,1578.78
04/24/2013,1578.79
04/25/2013,1585.16
04/26/2013,1582.24
04/29/2013,1593.61
04/30/2013,1597.57
05/01/2013,1582.70
05/02/2013,1597.59
05/03/2013,1614.42
05/06/2013,1617.50
05/07/2013,1625.96
05/08/2013,1632.69
05/09/2013,1626.67
05/10/2013,1633.70
05/13/2013,1633.77
05/14/2013,1650.34
05/15/2013,1658.78
05/16/2013,1650.47
05/17/2013,1667.47
05/20/2013,1666.29
05/21/2013,1669.16
05/22/2013,1655.35
05/23/2013,1650.51
05/24/2013,1649.60
05/28/2013,1660.06
05/29/2013,1648.36
05/30/2013,1654.41
05/31/2013,1630.74
06/03/2013,1640.42
06/04/2013,1631.38
06/05/2013,1608.90
06/06/2013,1622.56
06/07/2013,1643.38
06/10/2013,1642.81
06/11/2013,1626.13
06/12/2013,1612.52
06/13/2013,1636.36
06/14/2013,1626.73
06/17/2013,1639.04
06/18/2013,1651.81
06/19/2013,1628.93
06/20/2013,1588.19
06/21/2013,1592.43
06/24/2013,1573.09
06/25/2013,1588.03
06/26/2013,1603.26
06/27/2013,1613.20
06/28/2013,1606.28
07/01/2013,1614.96
07/02/2013,1614.08
07/03/2013,1615.41
07/05/2013,1631.89
07/08/2013,1640.46
07/09/2013,1652.32
07/10/2013,1652.62
07/11/2013,1675.02
07/12/2013,1680.19
07/15/2013,1682.50
07/16/2013,1676.26
07/17/2013,1680.91
07/18/2013,1689.37
07/19/2013,1692.09
07/22/2013,1695.53
07/23/2013,1692.39
07/24/2013,1685.94
07/25/2013,1690.25
07/26/2013,1691.65
07/29/2013,1685.33
07/30/2013,1685.96
07/31/2013,1685.73
08/01/2013,1706.87
08/02/2013,1709.67
08/05/2013,1707.14
08/06/2013,1697.37
08/07/2013,1690.91
08/08/2013,1697.48
08/09/2013,1691.42
08/12/2013,1689.47
08/13/2013,1694.16
08/14/2013,1685.39
08/15/2013,1661.32
08/16/2013,1655.83
08/19/2013,1646.06
08/20/2013,1652.35
08/21/2013,1642.80
08/22/2013,1656.96
08/23/2013,1663.50
08/26/2013,1656.78
08/27/2013,1630.48
08/28/2013,1634.96
08/29/2013,1638.17
08/30/2013,1632.97
09/03/2013,1639.77
09/04/2013,1653.08
09/05/2013,1655.08
09/06/2013,1655.17
09/09/2013,1671.71
09/10/2013,1683.99
09/11/2013,1689.13
09/12/2013,1683.42
09/13/2013,1687.99
09/16/2013,1697.60
09/17/2013,1704.76
09/18/2013,1725.52
09/19/2013,1722.34
09/20/2013,1709.91
09/23/2013,1701.84
09/24/2013,1697.42
09/25/2013,1692.77
09/26/2013,1698.67
09/27/2013,1691.75
09/30/2013,1681.55
10/01/2013,1695.00
10/02/2013,1693.87
10/03/2013,1678.66
10/04/2013,1690.50
10/07/2013,1676.12
10/08/2013,1655.45
10/09/2013,1656.40
10/10/2013,1692.56
10/11/2013,1703.20
10/14/2013,1710.14
10/15/2013,1698.06
10/16/2013,1721.54
10/17/2013,1733.15
10/18/2013,1744.50
10/21/2013,1744.66
10/22/2013,1754.67
10/23/2013,1746.38
10/24/2013,1752.07
10/25/2013,1759.77
10/28/2013,1762.11
10/29/2013,1771.95
10/30/2013,1763.31
10/31/2013,1756.54
11/01/2013,1761.64
11/04/2013,1767.93
11/05/2013,1762.97
11/06/2013,1770.49
11/07/2013,1747.15
11/08/2013,1770.61
11/11/2013,1771.89
11/12/2013,1767.69
11/13/2013,1782.00
11/14/2013,1790.62
11/15/2013,1798.18
11/18/2013,1791.53
11/19/2013,1787.87
11/20/2013,1781.37
11/21/2013,1795.85
11/22/2013,1804.76
11/25/2013,1802.48
11/26/2013,1802.75
11/27/2013,1807.23
11/29/2013,1805.81
12/02/2013,1800.90
12/03/2013,1795.15
12/04/2013,1792.81
12/05/2013,1785.03
12/06/2013,1805.09
12/09/2013,1808.37
12/10/2013,1802.62
12/11/2013,1782.22
12/12/2013,1775.50
12/13/2013,1775.32
12/16/2013,1786.54
12/17/2013,1781.00
12/18/2013,1810.65
12/19/2013,1809.60
12/20/2013,1818.32
12/23/2013,1827.99
12/24/2013,1833.32
12/26/2013,1842.02
12/27/2013,1841.40
12/30/2013,1841.07
12/31/2013,1848.36
01/02/2014,1831.98
01/03/2014,1831.37
01/06/2014,1826.77
01/07/2014,1837.88
01/08/2014,1837.49
01/09/2014,1838.13
01/10/2014,1842.37
01/13/2014,1819.20
01/14/2014,1838.88
01/15/2014,1848.38
01/16/2014,1845.89
01/17/2014,1838.70
01/21/2014,1843.80
01/22/2014,1844.86
01/23/2014,1828.46
01/24/2014,1790.29
01/27/2014,1781.56
01/28/2014,1792.50
01/29/2014,1774.20
01/30/2014,1794.19
01/31/2014,1782.59
02/03/2014,1741.89
02/04/2014,1755.20
02/05/2014,1751.64
02/06/2014,1773.43
02/07/2014,1797.02
02/10/2014,1799.84
02/11/2014,1819.75
02/12/2014,1819.26
02/13/2014,1829.83
02/14/2014,1838.63
02/18/2014,1840.76
02/19/2014,1828.75
02/20/2014,1839.78
02/21/2014,1836.25
02/24/2014,1847.61
02/25/2014,1845.12
02/26/2014,1845.16
02/27/2014,1854.29
02/28/2014,1859.45
03/03/2014,1845.73
03/04/2014,1873.91
03/05/2014,1873.81
03/06/2014,1877.03
03/07/2014,1878.04
03/10/2014,1877.17
03/11/2014,1867.63
03/12/2014,1868.20
03/13/2014,1846.34
03/14/2014,1841.13
03/17/2014,1858.83
03/18/2014,1872.25
03/19/2014,1860.77
03/20/2014,1872.01
03/21/2014,1866.52
03/24/2014,1857.44
03/25/2014,1865.62
03/26/2014,1852.56
03/27/2014,1849.04
03/28/2014,1857.62
03/31/2014,1872.34
04/01/2014,1885.52
04/02/2014,1890.90
04/03/2014,1888.77
04/04/2014,1865.09
04/07/2014,1845.04
04/08/2014,1851.96
04/09/2014,1872.18
04/10/2014,1833.08
04/11/2014,1815.69
04/14/2014,1830.61
04/15/2014,1842.98
04/16/2014,1862.31
04/17/2014,1864.85
04/21/2014,1871.89
04/22/2014,1879.55
04/23/2014,1875.39
04/24/2014,1878.61
04/25/2014,1863.40
04/28/2014,1869.43
04/29/2014,1878.33
04/30/2014,1883.95
05/01/2014,1883.68
05/02/2014,1881.14
05/05/2014,1884.66
05/06/2014,1867.72
05/07/2014,1878.21
05/08/2014,1875.63
05/09/2014,1878.48
05/12/2014,1896.65
05/13/2014,1897.45
05/14/2014,1888.53
05/15/2014,1870.85
05/16/2014,1877.86
05/19/2014,1885.08
05/20/2014,1872.83
05/21/2014,1888.03
05/22/2014,1892.49
05/23/2014,1900.53
05/27/2014,1911.91
05/28/2014,1909.78
05/29/2014,1920.03
05/30/2014,1923.57
06/02/2014,1924.97
06/03/2014,1924.24
06/04/2014,1927.88
06/05/2014,1940.46
06/06/2014,1949.44
06/09/2014,1951.27
06/10/2014,1950.79
06/11/2014,1943.89
06/12/2014,1930.11
06/13/2014,1936.16
06/16/2014,1937.78
06/17/2014,1941.99
06/18/2014,1956.98
06/19/2014,1959.48
06/20/2014,1962.87
06/23/2014,1962.61
06/24/2014,1949.98
06/25/2014,1959.53
06/26/2014,1957.22
06/27/2014,1960.96
06/30/2014,1960.23
07/01/2014,1973.32
07/02/2014,1974.62
07/03/2014,1985.44
07/07/2014,1977.65
07/08/2014,1963.71
07/09/2014,1972.83
07/10/2014,1964.68
07/11/2014,1967.57
07/14/2014,1977.10
07/15/2014,1973.28
07/16/2014,1981.57
07/17/2014,1958.12
07/18/2014,1978.22
07/21/2014,1973.63
07/22/2014,1983.53
07/23/2014,1987.01
07/24/2014,1987.98
07/25/2014,1978.34
07/28/2014,1978.91
07/29/2014,1969.95
07/30/2014,1970.07
07/31/2014,1930.67
08/01/2014,1925.15
08/04/2014,1938.99
08/05/2014,1920.21
08/06/2014,1920.24
08/07/2014,1909.57
08/08/2014,1931.59
08/11/2014,1936.92
08/12/2014,1933.75
08/13/2014,1946.72
08/14/2014,1955.18
08/15/2014,1955.06
08/18/2014,1971.74
08/19/2014,1981.60
08/20/2014,1986.51
08/21/2014,1992.37
08/22/2014,1988.40
08/25/2014,1997.92
08/26/2014,2000.02
08/27/2014,2000.12
08/28/2014,1996.74
08/29/2014,2003.37
09/02/2014,2002.28
09/03/2014,2000.72
09/04/2014,1997.65
09/05/2014,2007.71
09/08/2014,2001.54
09/09/2014,1988.44
09/10/2014,1995.69
09/11/2014,1997.45
09/12/2014,1985.54
09/15/2014,1984.13
09/16/2014,1998.98
09/17/2014,2001.57
09/18/2014,2011.36
09/19/2014,2010.40
09/22/2014,1994.29
09/23/2014,1982.77
09/24/2014,1998.30
09/25/2014,1965.99
09/26/2014,1982.85
09/29/2014,1977.80
09/30/2014,1972.29
10/01/2014,1946.16
10/02/2014,1946.17
10/03/2014,1967.90
10/06/2014,1964.82
10/07/2014,1935.10
10/08/2014,1968.89
10/09/2014,1928.21
10/10/2014,1906.13
10/13/2014,1874.74
10/14/2014,1877.70
10/15/2014,1862.49
10/16/2014,1862.76
10/17/2014,1886.76
10/20/2014,1904.01
10/21/2014,1941.28
10/22/2014,1927.11
10/23/2014,1950.82
10/24/2014,1964.58
10/27/2014,1961.63
10/28/2014,1985.05
10/29/2014,1982.30
10/30/2014,1994.65
10/31/2014,2018.05
11/03/2014,2017.81
11/04/2014,2012.10
11/05/2014,2023.57
11/06/2014,2031.21
11/07/2014,2031.92
11/10/2014,2038.26
11/11/2014,2039.68
11/12/2014,2038.25
11/13/2014,2039.33
11/14/2014,2039.82
11/17/2014,2041.32
11/18/2014,2051.80
11/19/2014,2048.72
11/20/2014,2052.75
11/21/2014,2063.50
11/24/2014,2069.41
11/25/2014,2067.03
11/26/2014,2072.83
11/28/2014,2067.56
12/01/2014,2053.44
12/02/2014,2066.55
12/03/2014,2074.33
12/04/2014,2071.92
12/05/2014,2075.37
12/08/2014,2060.31
12/09/2014,2059.82
12/10/2014,2026.14
12/11/2014,2035.33
12/12/2014,2002.33
12/15/2014,1989.63
12/16/2014,1972.74
12/17/2014,2012.89
12/18/2014,2061.23
12/19/2014,2070.65
12/22/2014,2078.54
12/23/2014,2082.17
12/24/2014,2081.88
12/26/2014,2088.77
12/29/2014,2090.57
12/30/2014,2080.35
12/31/2014,2058.90
01/02/2015,2058.20
01/05/2015,2020.58
01/06/2015,2002.61
01/07/2015,2025.90
01/08/2015,2062.14
01/09/2015,2044.81
01/12/2015,2028.26
01/13/2015,2023.03
01/14/2015,2011.27
01/15/2015,1992.67
01/16/2015,2019.42
01/20/2015,2022.55
01/21/2015,2032.12
01/22/2015,2063.15
01/23/2015,2051.82
01/26/2015,2057.09
01/27/2015,2029.55
01/28/2015,2002.16
01/29/2015,2021.25
01/30/2015,1994.99
02/02/2015,2020.85
02/03/2015,2050.03
02/04/2015,2041.51
02/05/2015,2062.52
02/06/2015,2055.47
02/09/2015,2046.74
02/10/2015,2068.59
02/11/2015,2068.53
02/12/2015,2088.48
02/13/2015,2096.99
02/17/2015,2100.34
02/18/2015,2099.68
02/19/2015,2097.45
02/20/2015,2110.30
02/23/2015,2109.66
02/24/2015,2115.48
02/25/2015,2113.86
02/26/2015,2110.74
02/27/2015,2104.50
03/02/2015,2117.39
03/03/2015,2107.78
03/04/2015,2098.53
03/05/2015,2101.04
03/06/2015,2071.26
03/09/2015,2079.43
03/10/2015,2044.16
03/11/2015,2040.24
03/12/2015,2065.95
03/13/2015,2053.40
03/16/2015,2081.19
03/17/2015,2074.28
03/18/2015,2099.50
03/19/2015,2089.27
03/20/2015,2108.10
03/23/2015,2104.42
03/24/2015,2091.50
03/25/2015,2061.05
03/26/2015,2056.15
03/27/2015,2061.02
03/30/2015,2086.24
03/31/2015,2067.89
04/01/2015,2059.69
04/02/2015,2066.96
04/06/2015,2080.62
04/07/2015,2076.33
04/08/2015,2081.90
04/09/2015,2091.18
04/10/2015,2102.06
04/13/2015,2092.43
04/14/2015,2095.84
04/15/2015,2106.63
04/16/2015,2104.99
04/17/2015,2081.18
04/20/2015,2100.40
04/21/2015,2097.29
04/22/2015,2107.96
04/23/2015,2112.93
04/24/2015,2117.69
04/27/2015,2108.92
04/28/2015,2114.76
04/29/2015,2106.85
04/30/2015,2085.51
05/01/2015,2108.29
05/04/2015,2114.49
05/05/2015,2089.46
05/06/2015,2080.15
05/07/2015,2088.00
05/08/2015,2116.10
05/11/2015,2105.33
05/12/2015,2099.12
05/13/2015,2098.48
05/14/2015,2121.10
05/15/2015,2122.73
05/18/2015,2129.20
05/19/2015,2127.83
05/20/2015,2125.85
05/21/2015,2130.82
05/22/2015,2126.06
05/26/2015,2104.20
05/27/2015,2123.48
05/28/2015,2120.79
05/29/2015,2107.39
06/01/2015,2111.73
06/02/2015,2109.60
06/03/2015,2114.07
06/04/2015,2095.84
06/05/2015,2092.83
06/08/2015,2079.28
06/09/2015,2080.15
06/10/2015,2105.20
06/11/2015,2108.86
06/12/2015,2094.11
06/15/2015,2084.43
06/16/2015,2096.29
06/17/2015,2100.44
06/18/2015,2121.24
06/19/2015,2109.99
06/22/2015,2122.85
06/23/2015,2124.20
06/24/2015,2108.58
06/25/2015,2102.31
06/26/2015,2101.49
06/29/2015,2057.64
06/30/2015,2063.11
07/01/2015,2077.42
07/02/2015,2076.78
07/06/2015,2068.76
07/07/2015,2081.34
07/08/2015,2046.68
07/09/2015,2051.31
07/10/2015,2076.62
07/13/2015,2099.60
07/14/2015,2108.95
07/15/2015,2107.40
07/16/2015,2124.29
07/17/2015,2126.64
07/20/2015,2128.28
07/21/2015,2119.21
07/22/2015,2114.15
07/23/2015,2102.15
07/24/2015,2079.65
07/27/2015,2067.64
07/28/2015,2093.25
07/29/2015,2108.57
07/30/2015,2108.63
07/31/2015,2103.84
08/03/2015,2098.04
08/04/2015,2093.32
08/05/2015,2099.84
08/06/2015,2083.56
08/07/2015,2077.57
08/10/2015,2104.18
08/11/2015,2084.07
08/12/2015,2086.05
08/13/2015,2083.39
08/14/2015,2091.54
08/17/2015,2102.44
08/18/2015,2096.92
08/19/2015,2079.61
08/20/2015,2035.73
08/21/2015,1970.89
08/24/2015,1893.21
08/25/2015,1867.61
08/26/2015,1940.51
08/27/2015,1987.66
08/28/2015,1988.87
08/31/2015,1972.18
09/01/2015,1913.85
09/02/2015,1948.86
09/03/2015,1951.13
09/04/2015,1921.22
09/08/2015,1969.41
09/09/2015,1942.04
09/10/2015,1952.29
09/11/2015,1961.05
09/14/2015,1953.03
09/15/2015,1978.09
09/16/2015,1995.31
09/17/2015,1990.20
09/18/2015,1958.03
09/21/2015,1966.97
09/22/2015,1942.74
09/23/2015,1938.76
09/24/2015,1932.24
09/25/2015,1931.34
09/28/2015,1881.77
09/29/2015,1884.09
09/30/2015,1920.03
10/01/2015,1923.82
10/02/2015,1951.36
10/05/2015,1987.05
10/06/2015,1979.92
10/07/2015,1995.83
10/08/2015,2013.43
10/09/2015,2014.89
10/12/2015,2017.46
10/13/2015,2003.69
10/14/2015,1994.24
10/15/2015,2023.86
10/16/2015,2033.11
10/19/2015,2033.66
10/20/2015,2030.77
10/21/2015,2018.94
10/22/2015,2052.51
10/23/2015,2075.15
10/26/2015,2071.18
10/27/2015,2065.89
10/28/2015,2090.35
10/29/2015,2089.41
10/30/2015,2079.36
11/02/2015,2104.05
11/03/2015,2109.79
11/04/2015,2102.31
11/05/2015,2099.93
11/06/2015,2099.20
11/09/2015,2078.58
11/10/2015,2081.72
11/11/2015,2075.00
11/12/2015,2045.97
11/13/2015,2023.04
11/16/2015,2053.19
11/17/2015,2050.44
11/18/2015,2083.58
11/19/2015,2081.24
11/20/2015,2089.17
11/23/2015,2086.59
11/24/2015,2089.14
11/25/2015,2088.87
11/27/2015,2090.11
11/30/2015,2080.41
12/01/2015,2102.63
12/02/2015,2079.51
12/03/2015,2049.62
12/04/2015,2091.69
12/07/2015,2077.07
12/08/2015,2063.59
12/09/2015,2047.62
12/10/2015,2052.23
12/11/2015,2012.37
12/14/2015,2021.94
12/15/2015,2043.41
12/16/2015,2073.07
12/17/2015,2041.89
12/18/2015,2005.55
12/21/2015,2021.15
12/22/2015,2038.97
12/23/2015,2064.29
12/24/2015,2060.99
12/28/2015,2056.50
12/29/2015,2078.36
12/30/2015,2063.36
12/31/2015,2043.94
01/04/2016,2012.66
01/05/2016,2016.71
01/06/2016,1990.26
01/07/2016,1943.09
01/08/2016,1922.03
01/11/2016,1923.67
01/12/2016,1938.68
01/13/2016,1890.28
01/14/2016,1921.84
01/15/2016,1880.33
01/19/2016,1881.33
01/20/2016,1859.33
01/21/2016,1868.99
01/22/2016,1906.90
01/25/2016,1877.08
01/26/2016,1903.63
01/27/2016,1882.95
01/28/2016,1893.36
01/29/2016,1940.24
02/01/2016,1939.38
02/02/2016,1903.03
02/03/2016,1912.53
02/04/2016,1915.45
02/05/2016,1880.05
02/08/2016,1853.44
02/09/2016,1852.21
02/10/2016,1851.86
02/11/2016,1829.08
02/12/2016,1864.78
02/16/2016,1895.58
02/17/2016,1926.82
02/18/2016,1917.83
02/19/2016,1917.78
02/22/2016,1945.50
02/23/2016,1921.27
02/24/2016,1929.80
02/25/2016,1951.70
02/26/2016,1948.05
02/29/2016,1932.23
03/01/2016,1978.35
03/02/2016,1986.45
03/03/2016,1993.40
03/04/2016,1999.99
03/07/2016,2001.76
03/08/2016,1979.26
03/09/2016,1989.26
03/10/2016,1989.57
03/11/2016,2022.19
03/14/2016,2019.64
03/15/2016,2015.93
03/16/2016,2027.22
03/17/2016,2040.59
03/18/2016,2049.58
03/21/2016,2051.60
03/22/2016,2049.80
03/23/2016,2036.71
03/24/2016,2035.94
03/28/2016,2037.05
03/29/2016,2055.01
03/30/2016,2063.95
03/31/2016,2059.74
04/01/2016,2072.78
04/04/2016,2066.13
04/05/2016,2045.17
04/06/2016,2066.66
04/07/2016,2041.91
04/08/2016,2047.60
04/11/2016,2041.99
04/12/2016,2061.72
04/13/2016,2082.42
04/14/2016,2082.78
04/15/2016,2080.73
04/18/2016,2094.34
04/19/2016,2100.80
04/20/2016,2102.40
04/21/2016,2091.48
04/22/2016,2091.58
04/25/2016,2087.79
04/26/2016,2091.70
04/27/2016,2095.15
04/28/2016,2075.81
04/29/2016,2065.30
05/02/2016,2081.43
05/03/2016,2063.37
05/04/2016,2051.12
05/05/2016,2050.63
05/06/2016,2057.14
05/09/2016,2058.69
05/10/2016,2084.39
05/11/2016,2064.46
05/12/2016,2064.11
05/13/2016,2046.61
05/16/2016,2066.66
05/17/2016,2047.21
05/18/2016,2047.63
05/19/2016,2040.04
05/20/2016,2052.32
05/23/2016,2048.04
05/24/2016,2076.06
05/25/2016,2090.54
05/26/2016,2090.10
05/27/2016,2099.06
05/31/2016,2096.96
06/01/2016,2099.33
06/02/2016,2105.26
06/03/2016,2099.13
06/06/2016,2109.41
06/07/2016,2112.13
06/08/2016,2119.12
06/09/2016,2115.48
06/10/2016,2096.07
06/13/2016,2079.06
06/14/2016,2075.32
06/15/2016,2071.50
06/16/2016,2077.99
06/17/2016,2071.22
06/20/2016,2083.25
06/21/2016,2088.90
06/22/2016,2085.45
06/23/2016,2113.32
06/24/2016,2037.41
06/27/2016,2000.54
06/28/2016,2036.09
06/29/2016,2070.77
06/30/2016,2098.86
07/01/2016,2102.95
07/05/2016,2088.55
07/06/2016,2099.73
07/07/2016,2097.90
07/08/2016,2129.90
07/11/2016,2137.16
07/12/2016,2152.14
07/13/2016,2152.43
07/14/2016,2163.75
07/15/2016,2161.74
07/18/2016,2166.89
07/19/2016,2163.78
07/20/2016,2173.02
07/21/2016,2165.17
07/22/2016,2175.03
07/25/2016,2168.48
07/26/2016,2169.18
07/27/2016,2166.58
07/28/2016,2170.06
07/29/2016,2173.60
08/01/2016,2170.84
08/02/2016,2157.03
08/03/2016,2163.79
08/04/2016,2164.25
08/05/2016,2182.87
08/08/2016,2180.89
08/09/2016,2181.74
08/10/2016,2175.49
08/11/2016,2185.79
08/12/2016,2184.05
08/15/2016,2190.15
08/16/2016,2178.15
08/17/2016,2182.22
08/18/2016,2187.02
08/19/2016,2183.87
08/22/2016,2182.64
08/23/2016,2186.90
08/24/2016,2175.44
08/25/2016,2172.47
08/26/2016,2169.04
08/29/2016,2180.38
08/30/2016,2176.12
08/31/2016,2170.95
09/01/2016,2170.86
09/02/2016,2179.98
09/06/2016,2186.48
09/07/2016,2186.16
09/08/2016,2181.30
09/09/2016,2127.81
09/12/2016,2159.04
09/13/2016,2127.02
09/14/2016,2125.77
09/15/2016,2147.26
09/16/2016,2139.16
09/19/2016,2139.12
09/20/2016,2139.76
09/21/2016,2163.12
09/22/2016,2177.18
09/23/2016,2164.69
09/26/2016,2146.10
09/27/2016,2159.93
09/28/2016,2171.37
09/29/2016,2151.13
09/30/2016,2168.27
10/03/2016,2161.20
10/04/2016,2150.49
10/05/2016,2159.73
10/06/2016,2160.77
10/07/2016,2153.74
10/10/2016,2163.66
10/11/2016,2136.73
10/12/2016,2139.18
10/13/2016,2132.55
10/14/2016,2132.98
10/17/2016,2126.50
10/18/2016,2139.60
10/19/2016,2144.29
10/20/2016,2141.34
10/21/2016,2141.16
10/24/2016,2151.33
10/25/2016,2143.16
10/26/2016,2139.43
10/27/2016,2133.04
10/28/2016,2126.41
10/31/2016,2126.15
11/01/2016,2111.72
11/02/2016,2097.94
11/03/2016,2088.66
11/04/2016,2085.18
11/07/2016,2131.52
11/08/2016,2139.56
11/09/2016,2163.26
11/10/2016,2167.48
11/11/2016,2164.45
11/14/2016,2164.20
11/15/2016,2180.39
11/16/2016,2176.94
11/17/2016,2187.12
11/18/2016,2181.90
11/21/2016,2198.18
11/22/2016,2202.94
11/23/2016,2204.72
11/25/2016,2213.35
11/28/2016,2201.72
11/29/2016,2204.66
11/30/2016,2198.81
12/01/2016,2191.08
12/02/2016,2191.95
12/05/2016,2204.71
12/06/2016,2212.23
12/07/2016,2241.35
12/08/2016,2246.19
12/09/2016,2259.53
12/12/2016,2256.96
12/13/2016,2271.72
12/14/2016,2253.28
12/15/2016,2262.03
12/16/2016,2258.07
12/19/2016,2262.53
12/20/2016,2270.76
12/21/2016,2265.18
12/22/2016,2260.96
12/23/2016,2263.79
12/27/2016,2268.88
12/28/2016,2249.92
12/29/2016,2249.26
12/30/2016,2238.83
01/03/2017,2257.83
01/04/2017,2270.75
01/05/2017,2269.00
01/06/2017,2276.98
01/09/2017,2268.90
01/10/2017,2268.90
01/11/2017,2275.32
01/12/2017,2270.44
01/13/2017,2274.64
01/17/2017,2267.89
01/18/2017,2271.89
01/19/2017,2263.69
01/20/2017,2271.31
01/23/2017,2265.20
01/24/2017,2280.07
01/25/2017,2298.37
01/26/2017,2296.68
01/27/2017,2294.69
01/30/2017,2280.90
01/31/2017,2278.87
02/01/2017,2279.55
02/02/2017,2280.85
02/03/2017,2297.42
02/06/2017,2292.56
02/07/2017,2293.08
02/08/2017,2294.67
02/09/2017,2307.87
02/10/2017,2316.10
02/13/2017,2328.25
02/14/2017,2337.58
02/15/2017,2349.25
02/16/2017,2347.22
02/17/2017,2351.16
02/21/2017,2365.38
02/22/2017,2362.82
02/23/2017,2363.81
02/24/2017,2367.34
02/27/2017,2369.75
02/28/2017,2363.64
03/01/2017,2395.96
03/02/2017,2381.92
03/03/2017,2383.12
03/06/2017,2375.31
03/07/2017,2368.39
03/08/2017,2362.98
03/09/2017,2364.87
03/10/2017,2372.60
03/13/2017,2373.47
03/14/2017,2365.45
03/15/2017,2385.26
03/16/2017,2381.38
03/17/2017,2378.25
03/20/2017,2373.47
03/21/2017,2344.02
03/22/2017,2348.45
03/23/2017,2345.96
03/24/2017,2343.98
03/27/2017,2341.59
03/28/2017,2358.57
03/29/2017,2361.13
03/30/2017,2368.06
03/31/2017,2362.72
04/03/2017,2358.84
04/04/2017,2360.16
04/05/2017,2352.95
04/06/2017,2357.49
04/07/2017,2355.54
04/10/2017,2357.16
04/11/2017,2353.78
04/12/2017,2344.93
04/13/2017,2328.95
04/17/2017,2349.01
04/18/2017,2342.19
04/19/2017,2338.17
04/20/2017,2355.84
04/21/2017,2348.69
04/24/2017,2374.15
04/25/2017,2388.61
04/26/2017,2387.45
04/27/2017,2388.77
04/28/2017,2384.20
05/01/2017,2388.33
05/02/2017,2391.17
05/03/2017,2388.13
05/04/2017,2389.52
05/05/2017,2399.29
05/08/2017,2399.38
05/09/2017,2396.92
05/10/2017,2399.63
05/11/2017,2394.44
05/12/2017,2390.90
05/15/2017,2402.32
05/16/2017,2400.67
05/17/2017,2357.03
05/18/2017,2365.72
05/19/2017,2381.73
05/22/2017,2394.02
05/23/2017,2398.42
05/24/2017,2404.39
05/25/2017,2415.07
05/26/2017,2415.82
05/30/2017,2412.91
05/31/2017,2411.80
06/01/2017,2430.06
06/02/2017,2439.07
06/05/2017,2436.10
06/06/2017,2429.33
06/07/2017,2433.14
06/08/2017,2433.79
06/09/2017,2431.77
06/12/2017,2429.39
06/13/2017,2440.35
06/14/2017,2437.92
06/15/2017,2432.46
06/16/2017,2433.15
06/19/2017,2453.46
06/20/2017,2437.03
06/21/2017,2435.61
06/22/2017,2434.50
06/23/2017,2438.30
06/26/2017,2439.07
06/27/2017,2419.38
06/28/2017,2440.69
06/29/2017,2419.70
06/30/2017,2423.41
07/03/2017,2429.01
07/05/2017,2432.54
07/06/2017,2409.75
07/07/2017,2425.18
07/10/2017,2427.43
07/11/2017,2425.53
07/12/2017,2443.25
07/13/2017,2447.83
07/14/2017,2459.27
07/17/2017,2459.14
07/18/2017,2460.61
07/19/2017,2473.83
07/20/2017,2473.45
07/21/2017,2472.54
07/24/2017,2469.91
07/25/2017,2477.13
07/26/2017,2477.83
07/27/2017,2475.42
07/28/2017,2472.10
07/31/2017,2470.30
08/01/2017,2476.35
08/02/2017,2477.57
08/03/2017,2472.16
08/04/2017,2476.83
08/07/2017,2480.91
08/08/2017,2474.92
08/09/2017,2474.02
08/10/2017,2438.21
08/11/2017,2441.32
08/14/2017,2465.84
08/15/2017,2464.61
08/16/2017,2468.11
08/17/2017,2430.01
08/18/2017,2425.55
08/21/2017,2428.37
08/22/2017,2452.51
08/23/2017,2444.04
08/24/2017,2438.97
08/25/2017,2443.05
08/28/2017,2444.24
08/29/2017,2446.30
08/30/2017,2457.59
08/31/2017,2471.65
09/01/2017,2476.55
09/05/2017,2457.85
09/06/2017,2465.54
09/07/2017,2465.10
09/08/2017,2461.43
09/11/2017,2488.11
09/12/2017,2496.48
09/13/2017,2498.37
09/14/2017,2495.62
09/15/2017,2500.23
09/18/2017,2503.87
09/19/2017,2506.65
09/20/2017,2508.24
09/21/2017,2500.60
09/22/2017,2502.22
09/25/2017,2496.66
09/26/2017,2496.84
09/27/2017,2507.04
09/28/2017,2510.06
09/29/2017,2519.36
10/02/2017,2529.12
10/03/2017,2534.58
10/04/2017,2537.74
10/05/2017,2552.07
10/06/2017,2549.33
10/09/2017,2544.73
10/10/2017,2550.64
10/11/2017,2555.24
10/12/2017,2550.93
10/13/2017,2553.17
10/16/2017,2557.64
10/17/2017,2559.36
10/18/2017,2561.26
10/19/2017,2562.10
10/20/2017,2575.21
10/23/2017,2564.98
10/24/2017,2569.13
10/25/2017,2557.15
10/26/2017,2560.40
10/27/2017,2581.07
10/30/2017,2572.83
10/31/2017,2575.26
11/01/2017,2579.36
11/02/2017,2579.85
11/03/2017,2587.84
11/06/2017,2591.13
11/07/2017,2590.64
11/08/2017,2594.38
11/09/2017,2584.62
11/10/2017,2582.30
11/13/2017,2584.84
11/14/2017,2578.87
11/15/2017,2564.62
11/16/2017,2585.64
11/17/2017,2578.85
11/20/2017,2582.14
11/21/2017,2599.03
11/22/2017,2597.08
11/24/2017,2602.42
11/27/2017,2601.42
11/28/2017,2627.04
11/29/2017,2626.07
11/30/2017,2647.58
12/01/2017,2642.22
12/04/2017,2639.44
12/05/2017,2629.57
12/06/2017,2629.27
12/07/2017,2636.98
12/08/2017,2651.50
12/11/2017,2659.99
12/12/2017,2664.11
12/13/2017,2662.85
12/14/2017,2652.01
12/15/2017,2675.81
12/18/2017,2690.16
12/19/2017,2681.47
12/20/2017,2679.25
12/21/2017,2684.57
12/22/2017,2683.34
12/26/2017,2680.50
12/27/2017,2682.62
12/28/2017,2687.54
12/29/2017,2673.61
