Date,vix
02JAN2001,29.99
03JAN2001,26.60
04JAN2001,26.97
05JAN2001,28.67
08JAN2001,29.84
09JAN2001,27.99
10JAN2001,26.80
11JAN2001,25.79
12JAN2001,24.56
16JAN2001,25.28
17JAN2001,24.93
18JAN2001,23.37
19JAN2001,23.24
22JAN2001,23.25
23JAN2001,21.57
24JAN2001,22.03
25JAN2001,22.64
26JAN2001,22.57
29JAN2001,22.61
30JAN2001,22.57
31JAN2001,22.02
01FEB2001,21.66
02FEB2001,21.95
05FEB2001,22.19
06FEB2001,21.98
07FEB2001,21.67
08FEB2001,21.46
09FEB2001,22.03
12FEB2001,21.92
13FEB2001,21.37
14FEB2001,21.52
15FEB2001,20.27
16FEB2001,22.12
20FEB2001,24.69
21FEB2001,25.75
22FEB2001,26.76
23FEB2001,27.21
26FEB2001,25.43
27FEB2001,26.49
28FEB2001,28.35
01MAR2001,28.08
02MAR2001,27.43
05MAR2001,27.12
06MAR2001,25.89
07MAR2001,24.12
08MAR2001,24.29
09MAR2001,25.62
12MAR2001,30.32
13MAR2001,27.55
14MAR2001,29.61
15MAR2001,28.56
16MAR2001,29.91
19MAR2001,29.78
20MAR2001,30.96
21MAR2001,31.93
22MAR2001,32.84
23MAR2001,30.45
26MAR2001,29.04
27MAR2001,27.04
28MAR2001,28.58
29MAR2001,29.17
30MAR2001,28.64
02APR2001,31.21
03APR2001,34.72
04APR2001,34.07
05APR2001,29.94
06APR2001,31.69
09APR2001,31.91
10APR2001,29.44
11APR2001,28.46
12APR2001,26.12
16APR2001,26.33
17APR2001,25.61
18APR2001,24.13
19APR2001,24.16
20APR2001,25.38
23APR2001,28.16
24APR2001,28.49
25APR2001,27.40
26APR2001,25.96
27APR2001,24.02
30APR2001,25.48
01MAY2001,24.20
02MAY2001,24.23
03MAY2001,25.78
04MAY2001,23.91
07MAY2001,24.86
08MAY2001,24.44
09MAY2001,24.35
10MAY2001,24.00
11MAY2001,23.54
14MAY2001,24.26
15MAY2001,23.71
16MAY2001,21.89
17MAY2001,21.47
18MAY2001,21.23
21MAY2001,20.76
22MAY2001,21.35
23MAY2001,22.08
24MAY2001,20.57
25MAY2001,20.60
29MAY2001,22.14
30MAY2001,22.76
31MAY2001,22.64
01JUN2001,21.59
04JUN2001,21.38
05JUN2001,19.58
06JUN2001,20.39
07JUN2001,19.67
08JUN2001,19.92
11JUN2001,20.70
12JUN2001,20.70
13JUN2001,21.45
14JUN2001,23.12
15JUN2001,22.81
18JUN2001,23.17
19JUN2001,22.34
20JUN2001,21.71
21JUN2001,19.38
22JUN2001,20.02
25JUN2001,20.67
26JUN2001,21.20
27JUN2001,20.88
28JUN2001,20.01
29JUN2001,19.06
02JUL2001,18.76
03JUL2001,18.92
05JUL2001,20.09
06JUL2001,21.63
09JUL2001,22.48
10JUL2001,23.25
11JUL2001,24.01
12JUL2001,22.09
13JUL2001,21.14
16JUL2001,22.91
17JUL2001,22.61
18JUL2001,23.60
19JUL2001,22.51
20JUL2001,22.34
23JUL2001,23.74
24JUL2001,25.24
25JUL2001,24.00
26JUL2001,23.01
27JUL2001,22.00
30JUL2001,22.69
31JUL2001,21.62
01AUG2001,20.56
02AUG2001,20.09
03AUG2001,19.89
06AUG2001,21.89
07AUG2001,21.01
08AUG2001,22.32
09AUG2001,21.75
10AUG2001,20.55
13AUG2001,20.42
14AUG2001,20.48
15AUG2001,20.91
16AUG2001,21.54
17AUG2001,23.84
20AUG2001,22.87
21AUG2001,24.40
22AUG2001,22.44
23AUG2001,22.23
24AUG2001,19.71
27AUG2001,20.56
28AUG2001,22.00
29AUG2001,23.03
30AUG2001,25.41
31AUG2001,24.92
04SEP2001,25.85
05SEP2001,26.35
06SEP2001,28.61
07SEP2001,30.99
10SEP2001,31.84
17SEP2001,41.76
18SEP2001,38.87
19SEP2001,40.56
20SEP2001,43.74
21SEP2001,42.66
24SEP2001,37.75
25SEP2001,35.81
26SEP2001,35.26
27SEP2001,34.00
28SEP2001,31.93
01OCT2001,32.32
02OCT2001,31.18
03OCT2001,31.34
04OCT2001,31.97
05OCT2001,33.39
08OCT2001,35.12
09OCT2001,34.83
10OCT2001,31.60
11OCT2001,31.50
12OCT2001,35.27
15OCT2001,35.31
16OCT2001,32.88
17OCT2001,35.08
18OCT2001,34.95
19OCT2001,34.11
22OCT2001,32.25
23OCT2001,32.00
24OCT2001,30.95
25OCT2001,29.46
26OCT2001,28.42
29OCT2001,31.64
30OCT2001,33.46
31OCT2001,33.56
01NOV2001,32.31
02NOV2001,30.71
05NOV2001,30.50
06NOV2001,28.80
07NOV2001,29.13
08NOV2001,28.62
09NOV2001,27.44
12NOV2001,29.35
13NOV2001,26.47
14NOV2001,26.56
15NOV2001,25.56
16NOV2001,25.07
19NOV2001,24.46
20NOV2001,24.12
21NOV2001,24.19
23NOV2001,23.25
26NOV2001,23.79
27NOV2001,24.00
28NOV2001,25.90
29NOV2001,25.18
30NOV2001,23.84
03DEC2001,25.77
04DEC2001,24.08
05DEC2001,23.02
06DEC2001,23.71
07DEC2001,23.49
10DEC2001,25.62
11DEC2001,25.30
12DEC2001,24.87
13DEC2001,25.91
14DEC2001,24.63
17DEC2001,24.26
18DEC2001,23.29
19DEC2001,22.58
20DEC2001,23.67
21DEC2001,22.50
24DEC2001,22.62
26DEC2001,22.29
27DEC2001,21.59
28DEC2001,21.40
31DEC2001,23.80
02JAN2002,22.71
03JAN2002,21.34
04JAN2002,20.45
07JAN2002,21.94
08JAN2002,21.83
09JAN2002,22.13
10JAN2002,22.36
11JAN2002,22.60
14JAN2002,23.58
15JAN2002,22.70
16JAN2002,23.45
17JAN2002,22.25
18JAN2002,22.52
22JAN2002,23.61
23JAN2002,21.88
24JAN2002,21.15
25JAN2002,21.01
28JAN2002,21.14
29JAN2002,24.35
30JAN2002,23.22
31JAN2002,21.09
01FEB2002,21.12
04FEB2002,24.87
05FEB2002,25.45
06FEB2002,26.09
07FEB2002,25.11
08FEB2002,23.26
11FEB2002,21.78
12FEB2002,21.62
13FEB2002,20.85
14FEB2002,21.77
15FEB2002,22.37
19FEB2002,24.43
20FEB2002,22.66
21FEB2002,23.80
22FEB2002,22.86
25FEB2002,21.84
26FEB2002,21.68
27FEB2002,21.49
28FEB2002,21.59
01MAR2002,19.96
04MAR2002,20.50
05MAR2002,20.30
06MAR2002,19.94
07MAR2002,20.04
08MAR2002,19.27
11MAR2002,19.84
12MAR2002,19.59
13MAR2002,19.46
14MAR2002,19.20
15MAR2002,18.42
18MAR2002,18.93
19MAR2002,18.16
20MAR2002,18.46
21MAR2002,18.15
22MAR2002,17.77
25MAR2002,18.48
26MAR2002,18.13
27MAR2002,17.70
28MAR2002,17.40
01APR2002,18.73
02APR2002,19.16
03APR2002,20.20
04APR2002,19.78
05APR2002,19.13
08APR2002,19.61
09APR2002,19.47
10APR2002,18.19
11APR2002,20.30
12APR2002,19.42
15APR2002,19.82
16APR2002,18.11
17APR2002,18.43
18APR2002,19.29
19APR2002,18.30
22APR2002,19.77
23APR2002,20.28
24APR2002,20.77
25APR2002,20.95
26APR2002,22.14
29APR2002,24.05
30APR2002,21.91
01MAY2002,20.06
02MAY2002,20.07
03MAY2002,20.19
06MAY2002,22.56
07MAY2002,21.94
08MAY2002,20.39
09MAY2002,21.56
10MAY2002,22.41
13MAY2002,20.72
14MAY2002,19.35
15MAY2002,19.19
16MAY2002,18.50
17MAY2002,17.70
20MAY2002,19.24
21MAY2002,20.05
22MAY2002,19.58
23MAY2002,18.23
24MAY2002,18.90
28MAY2002,20.31
29MAY2002,20.39
30MAY2002,20.61
31MAY2002,19.98
03JUN2002,23.37
04JUN2002,23.89
05JUN2002,22.61
06JUN2002,24.16
07JUN2002,23.51
10JUN2002,23.72
11JUN2002,24.45
12JUN2002,24.15
13JUN2002,25.02
14JUN2002,25.96
17JUN2002,24.64
18JUN2002,24.24
19JUN2002,26.06
20JUN2002,27.48
21JUN2002,27.23
24JUN2002,26.98
25JUN2002,27.84
26JUN2002,28.42
27JUN2002,26.29
28JUN2002,25.40
01JUL2002,27.11
02JUL2002,28.96
03JUL2002,29.42
05JUL2002,27.11
08JUL2002,28.25
09JUL2002,30.22
10JUL2002,34.10
11JUL2002,33.85
12JUL2002,32.94
15JUL2002,35.03
16JUL2002,36.65
17JUL2002,35.45
18JUL2002,35.12
19JUL2002,38.17
22JUL2002,41.87
23JUL2002,44.92
24JUL2002,39.86
25JUL2002,39.27
26JUL2002,35.51
29JUL2002,31.33
30JUL2002,31.92
31JUL2002,32.03
01AUG2002,36.95
02AUG2002,41.29
05AUG2002,45.08
06AUG2002,42.03
07AUG2002,38.73
08AUG2002,36.33
09AUG2002,35.33
12AUG2002,37.05
13AUG2002,35.82
14AUG2002,32.36
15AUG2002,29.43
16AUG2002,28.81
19AUG2002,28.61
20AUG2002,29.59
21AUG2002,28.23
22AUG2002,27.75
23AUG2002,29.32
26AUG2002,29.89
27AUG2002,30.11
28AUG2002,33.32
29AUG2002,33.67
30AUG2002,32.64
03SEP2002,39.97
04SEP2002,37.44
05SEP2002,38.86
06SEP2002,36.33
09SEP2002,36.45
10SEP2002,35.08
11SEP2002,34.81
12SEP2002,37.50
13SEP2002,35.82
16SEP2002,36.74
17SEP2002,38.01
18SEP2002,37.52
19SEP2002,40.65
20SEP2002,38.98
23SEP2002,39.68
24SEP2002,40.52
25SEP2002,37.33
26SEP2002,34.60
27SEP2002,36.97
30SEP2002,39.69
01OCT2002,34.12
02OCT2002,36.83
03OCT2002,37.31
04OCT2002,39.46
07OCT2002,42.64
08OCT2002,41.02
09OCT2002,42.13
10OCT2002,37.55
11OCT2002,35.70
14OCT2002,36.04
15OCT2002,34.02
16OCT2002,36.00
17OCT2002,34.10
18OCT2002,33.53
21OCT2002,33.11
22OCT2002,34.09
23OCT2002,33.20
24OCT2002,34.03
25OCT2002,30.00
28OCT2002,31.07
29OCT2002,32.27
30OCT2002,31.23
31OCT2002,31.14
01NOV2002,29.30
04NOV2002,30.82
05NOV2002,31.23
06NOV2002,30.73
07NOV2002,31.42
08NOV2002,29.41
11NOV2002,31.30
12NOV2002,30.58
13NOV2002,31.24
14NOV2002,28.67
15NOV2002,26.65
18NOV2002,27.66
19NOV2002,27.41
20NOV2002,25.32
21NOV2002,23.81
22NOV2002,23.16
25NOV2002,24.07
26NOV2002,25.97
27NOV2002,27.25
29NOV2002,27.50
02DEC2002,27.46
03DEC2002,28.33
04DEC2002,28.92
05DEC2002,30.10
06DEC2002,28.88
09DEC2002,30.78
10DEC2002,28.76
11DEC2002,27.76
12DEC2002,27.29
13DEC2002,28.18
16DEC2002,26.24
17DEC2002,26.66
18DEC2002,28.29
19DEC2002,30.21
20DEC2002,26.71
23DEC2002,26.20
24DEC2002,26.49
26DEC2002,27.37
27DEC2002,29.55
30DEC2002,29.62
31DEC2002,28.62
02JAN2003,25.39
03JAN2003,24.68
06JAN2003,24.91
07JAN2003,25.13
08JAN2003,25.53
09JAN2003,24.25
10JAN2003,24.32
13JAN2003,24.90
14JAN2003,24.57
15JAN2003,25.51
16JAN2003,25.01
17JAN2003,25.70
21JAN2003,27.59
22JAN2003,29.01
23JAN2003,27.53
24JAN2003,31.51
27JAN2003,34.69
28JAN2003,31.93
29JAN2003,31.26
30JAN2003,31.32
31JAN2003,31.17
03FEB2003,31.02
04FEB2003,32.76
05FEB2003,33.04
06FEB2003,33.35
07FEB2003,34.01
10FEB2003,33.99
11FEB2003,33.68
12FEB2003,34.33
13FEB2003,33.70
14FEB2003,32.62
18FEB2003,31.11
19FEB2003,31.31
20FEB2003,31.16
21FEB2003,30.25
24FEB2003,31.98
25FEB2003,31.74
26FEB2003,31.94
27FEB2003,30.53
28FEB2003,29.63
03MAR2003,30.43
04MAR2003,31.83
05MAR2003,30.38
06MAR2003,31.37
07MAR2003,31.08
10MAR2003,33.31
11MAR2003,33.61
12MAR2003,33.51
13MAR2003,31.76
14MAR2003,30.98
17MAR2003,31.75
18MAR2003,30.43
19MAR2003,31.54
20MAR2003,30.44
21MAR2003,28.67
24MAR2003,30.39
25MAR2003,28.75
26MAR2003,28.23
27MAR2003,27.96
28MAR2003,27.75
31MAR2003,29.15
01APR2003,28.36
02APR2003,28.02
03APR2003,28.21
04APR2003,29.13
07APR2003,28.45
08APR2003,27.13
09APR2003,27.11
10APR2003,25.60
11APR2003,24.44
14APR2003,23.41
15APR2003,22.56
16APR2003,22.52
17APR2003,21.50
21APR2003,21.95
22APR2003,20.70
23APR2003,20.80
24APR2003,20.33
25APR2003,20.80
28APR2003,20.84
29APR2003,20.76
30APR2003,21.21
01MAY2003,21.59
02MAY2003,20.63
05MAY2003,21.13
06MAY2003,20.80
07MAY2003,21.00
08MAY2003,21.24
09MAY2003,19.69
12MAY2003,19.52
13MAY2003,19.91
14MAY2003,20.00
15MAY2003,19.24
16MAY2003,18.40
19MAY2003,20.51
20MAY2003,21.29
21MAY2003,21.21
22MAY2003,19.78
23MAY2003,19.17
27MAY2003,19.99
28MAY2003,20.03
29MAY2003,20.43
30MAY2003,19.47
02JUN2003,20.85
03JUN2003,20.84
04JUN2003,20.62
05JUN2003,20.83
06JUN2003,21.25
09JUN2003,22.15
10JUN2003,20.64
11JUN2003,20.21
12JUN2003,20.41
13JUN2003,20.66
16JUN2003,20.22
17JUN2003,20.01
18JUN2003,19.76
19JUN2003,19.80
20JUN2003,19.14
23JUN2003,20.58
24JUN2003,20.75
25JUN2003,20.81
26JUN2003,19.40
27JUN2003,19.16
30JUN2003,19.52
01JUL2003,19.46
02JUL2003,19.03
03JUL2003,19.39
07JUL2003,20.06
08JUL2003,19.48
09JUL2003,18.93
10JUL2003,19.19
11JUL2003,18.47
14JUL2003,19.59
15JUL2003,19.55
16JUL2003,19.76
17JUL2003,20.22
18JUL2003,19.11
21JUL2003,19.78
22JUL2003,19.17
23JUL2003,18.64
24JUL2003,18.60
25JUL2003,17.75
28JUL2003,18.36
29JUL2003,18.67
30JUL2003,18.85
31JUL2003,19.49
01AUG2003,20.75
04AUG2003,21.27
05AUG2003,22.68
06AUG2003,21.50
07AUG2003,20.26
08AUG2003,19.59
11AUG2003,19.75
12AUG2003,17.94
13AUG2003,18.77
14AUG2003,18.47
15AUG2003,18.27
18AUG2003,18.18
19AUG2003,17.86
20AUG2003,17.82
21AUG2003,17.84
22AUG2003,18.55
24AUG2003,
25AUG2003,19.53
26AUG2003,19.49
27AUG2003,19.13
28AUG2003,18.48
29AUG2003,18.63
02SEP2003,19.02
03SEP2003,19.44
04SEP2003,18.71
05SEP2003,18.17
08SEP2003,18.26
09SEP2003,18.85
10SEP2003,20.01
11SEP2003,19.25
12SEP2003,18.68
15SEP2003,19.28
16SEP2003,18.03
17SEP2003,18.15
18SEP2003,17.57
19SEP2003,17.54
22SEP2003,19.65
23SEP2003,19.47
24SEP2003,21.22
25SEP2003,22.26
26SEP2003,22.23
29SEP2003,21.67
30SEP2003,22.72
01OCT2003,21.07
02OCT2003,20.80
03OCT2003,19.50
06OCT2003,19.51
07OCT2003,19.41
08OCT2003,19.18
09OCT2003,18.82
10OCT2003,18.45
13OCT2003,17.55
14OCT2003,17.37
15OCT2003,17.69
16OCT2003,17.19
17OCT2003,17.62
20OCT2003,17.04
21OCT2003,16.55
22OCT2003,17.67
23OCT2003,17.68
24OCT2003,17.71
27OCT2003,18.05
28OCT2003,16.82
29OCT2003,16.43
30OCT2003,16.33
31OCT2003,16.10
03NOV2003,16.55
04NOV2003,16.55
05NOV2003,16.86
06NOV2003,16.74
07NOV2003,16.93
10NOV2003,17.62
11NOV2003,17.54
12NOV2003,16.75
13NOV2003,16.47
14NOV2003,16.94
17NOV2003,18.60
18NOV2003,19.11
19NOV2003,18.80
20NOV2003,19.48
21NOV2003,18.98
24NOV2003,17.44
25NOV2003,16.71
26NOV2003,16.23
28NOV2003,16.32
01DEC2003,16.77
02DEC2003,16.27
03DEC2003,16.63
04DEC2003,16.30
05DEC2003,17.09
08DEC2003,16.54
09DEC2003,17.63
10DEC2003,17.87
11DEC2003,16.73
12DEC2003,16.41
15DEC2003,17.23
16DEC2003,15.93
17DEC2003,15.58
18DEC2003,16.16
19DEC2003,16.42
22DEC2003,16.94
23DEC2003,16.49
24DEC2003,16.66
26DEC2003,17.45
29DEC2003,17.09
30DEC2003,17.68
31DEC2003,18.31
02JAN2004,18.22
05JAN2004,17.49
06JAN2004,16.73
07JAN2004,15.50
08JAN2004,15.61
09JAN2004,16.75
12JAN2004,16.82
13JAN2004,18.04
14JAN2004,16.75
15JAN2004,15.56
16JAN2004,15.00
20JAN2004,15.21
21JAN2004,14.34
22JAN2004,14.71
23JAN2004,14.84
26JAN2004,14.55
27JAN2004,15.35
28JAN2004,16.78
29JAN2004,17.14
30JAN2004,16.63
02FEB2004,17.11
03FEB2004,17.34
04FEB2004,17.87
05FEB2004,17.71
06FEB2004,16.00
09FEB2004,16.39
10FEB2004,15.94
11FEB2004,15.39
12FEB2004,15.31
13FEB2004,15.58
17FEB2004,15.40
18FEB2004,15.59
19FEB2004,15.80
20FEB2004,16.04
23FEB2004,16.29
24FEB2004,15.90
25FEB2004,14.93
26FEB2004,14.83
27FEB2004,14.55
01MAR2004,14.44
02MAR2004,14.86
03MAR2004,14.55
04MAR2004,14.40
05MAR2004,14.48
08MAR2004,15.79
09MAR2004,16.60
10MAR2004,18.67
11MAR2004,20.67
12MAR2004,18.30
15MAR2004,21.13
16MAR2004,20.34
17MAR2004,18.11
18MAR2004,18.53
19MAR2004,19.15
22MAR2004,21.58
23MAR2004,20.67
24MAR2004,19.81
25MAR2004,17.88
26MAR2004,17.33
29MAR2004,16.50
30MAR2004,16.28
31MAR2004,16.74
01APR2004,16.65
02APR2004,15.64
05APR2004,14.97
06APR2004,15.32
07APR2004,15.76
08APR2004,16.26
12APR2004,15.28
13APR2004,17.26
14APR2004,15.62
15APR2004,15.74
16APR2004,14.94
19APR2004,15.42
20APR2004,16.67
21APR2004,15.60
22APR2004,14.61
23APR2004,14.01
26APR2004,14.77
27APR2004,15.07
28APR2004,16.29
29APR2004,16.60
30APR2004,17.19
03MAY2004,16.62
04MAY2004,16.55
05MAY2004,15.77
06MAY2004,17.05
07MAY2004,18.13
10MAY2004,19.77
11MAY2004,18.57
12MAY2004,18.14
13MAY2004,18.86
14MAY2004,18.47
17MAY2004,19.96
18MAY2004,19.33
19MAY2004,18.93
20MAY2004,18.67
21MAY2004,18.49
24MAY2004,18.08
25MAY2004,15.96
26MAY2004,15.97
27MAY2004,15.28
28MAY2004,15.50
01JUN2004,16.30
02JUN2004,16.08
03JUN2004,17.03
04JUN2004,16.78
07JUN2004,15.39
08JUN2004,15.01
09JUN2004,15.39
10JUN2004,15.04
14JUN2004,16.07
15JUN2004,15.05
16JUN2004,14.79
17JUN2004,15.15
18JUN2004,14.99
21JUN2004,15.26
22JUN2004,14.31
23JUN2004,13.98
24JUN2004,14.81
25JUN2004,15.19
28JUN2004,16.07
29JUN2004,15.47
30JUN2004,14.34
01JUL2004,15.20
02JUL2004,15.08
06JUL2004,16.25
07JUL2004,15.81
08JUL2004,16.20
09JUL2004,15.78
12JUL2004,14.96
13JUL2004,14.46
14JUL2004,13.76
15JUL2004,14.71
16JUL2004,14.34
19JUL2004,15.17
20JUL2004,14.17
21JUL2004,16.41
22JUL2004,15.75
23JUL2004,16.50
26JUL2004,17.30
27JUL2004,16.55
28JUL2004,16.15
29JUL2004,15.68
30JUL2004,15.32
02AUG2004,15.37
03AUG2004,16.03
04AUG2004,16.21
05AUG2004,18.32
06AUG2004,19.34
09AUG2004,18.89
10AUG2004,17.47
11AUG2004,18.04
12AUG2004,19.08
13AUG2004,17.98
16AUG2004,17.57
17AUG2004,17.02
18AUG2004,16.23
19AUG2004,16.96
20AUG2004,16.00
23AUG2004,15.88
24AUG2004,15.33
25AUG2004,14.98
26AUG2004,14.91
27AUG2004,14.71
30AUG2004,15.44
31AUG2004,15.29
01SEP2004,14.91
02SEP2004,14.28
03SEP2004,13.91
07SEP2004,14.07
08SEP2004,14.06
09SEP2004,14.01
10SEP2004,13.76
13SEP2004,13.17
14SEP2004,13.56
15SEP2004,14.64
16SEP2004,14.39
17SEP2004,14.03
20SEP2004,14.43
21SEP2004,13.66
22SEP2004,14.74
23SEP2004,14.80
24SEP2004,14.28
27SEP2004,14.62
28SEP2004,13.83
29SEP2004,13.21
30SEP2004,13.34
01OCT2004,12.75
04OCT2004,13.41
05OCT2004,13.95
06OCT2004,13.28
07OCT2004,14.50
08OCT2004,15.05
11OCT2004,14.71
12OCT2004,15.05
13OCT2004,15.42
14OCT2004,16.43
15OCT2004,15.04
18OCT2004,14.71
19OCT2004,15.13
20OCT2004,14.85
21OCT2004,14.54
22OCT2004,15.28
25OCT2004,16.58
26OCT2004,16.39
27OCT2004,15.72
28OCT2004,15.39
29OCT2004,16.27
01NOV2004,16.27
02NOV2004,16.18
03NOV2004,14.04
04NOV2004,13.97
05NOV2004,13.84
08NOV2004,13.80
09NOV2004,13.61
10NOV2004,13.08
11NOV2004,13.04
12NOV2004,13.33
15NOV2004,13.38
16NOV2004,13.21
17NOV2004,13.21
18NOV2004,12.98
19NOV2004,13.50
22NOV2004,12.97
23NOV2004,12.67
24NOV2004,12.72
26NOV2004,12.78
29NOV2004,13.30
30NOV2004,13.24
01DEC2004,12.97
02DEC2004,12.98
03DEC2004,12.96
06DEC2004,13.19
07DEC2004,13.67
08DEC2004,13.19
09DEC2004,12.88
10DEC2004,12.76
13DEC2004,12.54
14DEC2004,12.73
15DEC2004,12.35
16DEC2004,12.27
17DEC2004,11.95
20DEC2004,11.83
21DEC2004,11.55
22DEC2004,11.45
23DEC2004,11.23
27DEC2004,12.14
28DEC2004,12.00
29DEC2004,11.62
30DEC2004,12.56
31DEC2004,13.29
03JAN2005,14.08
04JAN2005,13.98
05JAN2005,14.09
06JAN2005,13.58
07JAN2005,13.49
10JAN2005,13.23
11JAN2005,13.19
12JAN2005,12.56
13JAN2005,12.84
14JAN2005,12.43
18JAN2005,12.47
19JAN2005,13.18
20JAN2005,13.83
21JAN2005,14.36
24JAN2005,14.65
25JAN2005,14.06
26JAN2005,13.44
27JAN2005,13.24
28JAN2005,13.24
31JAN2005,12.82
01FEB2005,12.03
02FEB2005,11.66
03FEB2005,11.79
04FEB2005,11.21
07FEB2005,11.73
08FEB2005,11.60
09FEB2005,12.00
10FEB2005,11.51
11FEB2005,11.43
14FEB2005,11.52
15FEB2005,11.27
16FEB2005,11.10
17FEB2005,11.77
18FEB2005,11.18
22FEB2005,13.14
23FEB2005,12.39
24FEB2005,11.57
25FEB2005,11.49
28FEB2005,12.08
01MAR2005,12.04
02MAR2005,12.50
03MAR2005,12.93
04MAR2005,11.94
07MAR2005,12.26
08MAR2005,12.40
09MAR2005,12.70
10MAR2005,12.49
11MAR2005,12.80
14MAR2005,12.39
15MAR2005,13.15
16MAR2005,13.49
17MAR2005,13.29
18MAR2005,13.14
21MAR2005,13.61
22MAR2005,14.27
23MAR2005,14.06
24MAR2005,13.42
28MAR2005,13.75
29MAR2005,14.49
30MAR2005,13.64
31MAR2005,14.02
01APR2005,14.09
04APR2005,14.11
05APR2005,13.68
06APR2005,13.15
07APR2005,12.33
08APR2005,12.62
11APR2005,11.98
12APR2005,11.30
13APR2005,13.31
14APR2005,14.53
15APR2005,17.74
18APR2005,16.56
19APR2005,14.96
20APR2005,16.92
21APR2005,14.41
22APR2005,15.38
25APR2005,14.62
26APR2005,14.91
27APR2005,14.87
28APR2005,16.86
29APR2005,15.31
02MAY2005,15.12
03MAY2005,14.53
04MAY2005,13.85
05MAY2005,13.98
06MAY2005,14.05
09MAY2005,13.75
10MAY2005,14.91
11MAY2005,14.45
12MAY2005,16.12
13MAY2005,16.32
16MAY2005,15.68
17MAY2005,14.57
18MAY2005,13.63
19MAY2005,13.32
20MAY2005,13.14
23MAY2005,12.95
24MAY2005,12.69
25MAY2005,12.58
26MAY2005,12.24
27MAY2005,12.15
31MAY2005,13.29
01JUN2005,12.36
02JUN2005,11.84
03JUN2005,12.15
06JUN2005,12.28
07JUN2005,12.39
08JUN2005,12.70
09JUN2005,12.08
10JUN2005,11.96
13JUN2005,11.65
14JUN2005,11.79
15JUN2005,11.46
16JUN2005,11.15
17JUN2005,11.48
20JUN2005,11.47
21JUN2005,11.08
22JUN2005,11.05
23JUN2005,12.13
24JUN2005,12.18
27JUN2005,12.52
28JUN2005,11.58
29JUN2005,11.77
30JUN2005,12.04
01JUL2005,11.40
05JUL2005,11.68
06JUL2005,12.27
07JUL2005,12.49
08JUL2005,11.45
11JUL2005,11.28
12JUL2005,10.95
13JUL2005,10.84
14JUL2005,10.81
15JUL2005,10.33
18JUL2005,10.77
19JUL2005,10.45
20JUL2005,10.23
21JUL2005,10.97
22JUL2005,10.52
25JUL2005,11.10
26JUL2005,10.99
27JUL2005,10.36
28JUL2005,10.52
29JUL2005,11.57
01AUG2005,12.08
02AUG2005,11.75
03AUG2005,11.83
04AUG2005,12.52
05AUG2005,12.48
08AUG2005,13.21
09AUG2005,12.40
10AUG2005,12.38
11AUG2005,12.42
12AUG2005,12.74
15AUG2005,12.26
16AUG2005,13.52
17AUG2005,13.30
18AUG2005,13.42
19AUG2005,13.42
22AUG2005,13.42
23AUG2005,13.34
24AUG2005,14.17
25AUG2005,13.73
26AUG2005,13.72
29AUG2005,13.52
30AUG2005,13.65
31AUG2005,12.60
01SEP2005,13.15
02SEP2005,13.57
06SEP2005,12.93
07SEP2005,12.52
08SEP2005,12.93
09SEP2005,11.98
12SEP2005,11.65
13SEP2005,12.39
14SEP2005,12.91
15SEP2005,12.49
16SEP2005,11.22
19SEP2005,12.14
20SEP2005,12.64
21SEP2005,13.79
22SEP2005,13.33
23SEP2005,12.96
26SEP2005,13.04
27SEP2005,12.76
28SEP2005,12.63
29SEP2005,12.24
30SEP2005,11.92
03OCT2005,12.46
04OCT2005,13.20
05OCT2005,14.55
06OCT2005,14.96
07OCT2005,14.59
10OCT2005,15.55
11OCT2005,15.63
12OCT2005,16.22
13OCT2005,16.47
14OCT2005,14.87
17OCT2005,14.67
18OCT2005,15.33
19OCT2005,13.50
20OCT2005,16.11
21OCT2005,16.13
24OCT2005,14.74
25OCT2005,14.53
26OCT2005,14.59
27OCT2005,16.02
28OCT2005,14.25
31OCT2005,15.32
01NOV2005,14.85
02NOV2005,13.48
03NOV2005,13.00
04NOV2005,13.17
07NOV2005,13.10
08NOV2005,13.08
09NOV2005,12.80
10NOV2005,11.90
11NOV2005,11.63
14NOV2005,12.18
15NOV2005,12.23
16NOV2005,12.26
17NOV2005,11.25
18NOV2005,11.12
21NOV2005,10.82
22NOV2005,10.60
23NOV2005,10.96
25NOV2005,10.88
28NOV2005,11.84
29NOV2005,11.89
30NOV2005,12.06
01DEC2005,11.24
02DEC2005,11.01
05DEC2005,11.60
06DEC2005,11.52
07DEC2005,12.18
08DEC2005,12.21
09DEC2005,11.69
12DEC2005,11.47
13DEC2005,11.11
14DEC2005,10.48
15DEC2005,10.73
16DEC2005,10.68
19DEC2005,11.38
20DEC2005,11.19
21DEC2005,10.81
22DEC2005,10.29
23DEC2005,10.27
27DEC2005,11.57
28DEC2005,11.35
29DEC2005,11.61
30DEC2005,12.07
03JAN2006,11.14
04JAN2006,11.37
05JAN2006,11.31
06JAN2006,11.00
09JAN2006,11.13
10JAN2006,10.86
11JAN2006,10.94
12JAN2006,11.20
13JAN2006,11.23
17JAN2006,11.91
18JAN2006,12.25
19JAN2006,11.98
20JAN2006,14.56
23JAN2006,13.93
24JAN2006,13.31
25JAN2006,12.87
26JAN2006,12.42
27JAN2006,11.97
30JAN2006,12.39
31JAN2006,12.95
01FEB2006,12.36
02FEB2006,13.23
03FEB2006,12.96
06FEB2006,13.04
07FEB2006,13.59
08FEB2006,12.83
09FEB2006,13.12
10FEB2006,12.87
13FEB2006,13.35
14FEB2006,12.25
15FEB2006,12.31
16FEB2006,11.48
17FEB2006,12.01
21FEB2006,12.41
22FEB2006,11.88
23FEB2006,11.87
24FEB2006,11.46
27FEB2006,11.59
28FEB2006,12.34
01MAR2006,11.54
02MAR2006,11.72
03MAR2006,11.96
06MAR2006,12.74
07MAR2006,12.66
08MAR2006,12.32
09MAR2006,12.68
10MAR2006,11.85
13MAR2006,11.37
14MAR2006,10.74
15MAR2006,11.35
16MAR2006,11.98
17MAR2006,12.12
20MAR2006,11.79
21MAR2006,11.62
22MAR2006,11.21
23MAR2006,11.17
24MAR2006,11.19
27MAR2006,11.46
28MAR2006,11.58
29MAR2006,10.95
30MAR2006,11.57
31MAR2006,11.39
03APR2006,11.57
04APR2006,11.14
05APR2006,11.13
06APR2006,11.45
07APR2006,12.26
10APR2006,12.19
11APR2006,13.00
12APR2006,12.76
13APR2006,12.38
17APR2006,12.58
18APR2006,11.40
19APR2006,11.32
20APR2006,11.64
21APR2006,11.59
24APR2006,11.75
25APR2006,11.75
26APR2006,11.76
27APR2006,11.84
28APR2006,11.59
01MAY2006,12.54
02MAY2006,11.99
03MAY2006,11.99
04MAY2006,11.86
05MAY2006,11.62
08MAY2006,12.00
09MAY2006,11.99
10MAY2006,11.78
11MAY2006,12.49
12MAY2006,14.19
15MAY2006,13.57
16MAY2006,13.35
17MAY2006,16.26
18MAY2006,16.99
19MAY2006,17.18
22MAY2006,17.72
23MAY2006,18.26
24MAY2006,17.36
25MAY2006,15.50
26MAY2006,14.26
30MAY2006,18.66
31MAY2006,16.44
01JUN2006,14.52
02JUN2006,14.32
05JUN2006,16.65
06JUN2006,17.34
07JUN2006,17.80
08JUN2006,18.35
09JUN2006,18.12
12JUN2006,20.96
13JUN2006,23.81
14JUN2006,21.46
15JUN2006,15.90
16JUN2006,17.25
19JUN2006,17.83
20JUN2006,16.69
21JUN2006,15.52
22JUN2006,15.88
23JUN2006,15.89
26JUN2006,15.62
27JUN2006,16.40
28JUN2006,15.79
29JUN2006,13.03
30JUN2006,13.08
03JUL2006,13.05
05JUL2006,14.15
06JUL2006,13.65
07JUL2006,13.97
10JUL2006,14.02
11JUL2006,13.14
12JUL2006,14.49
13JUL2006,17.79
14JUL2006,18.05
17JUL2006,18.64
18JUL2006,17.74
19JUL2006,15.55
20JUL2006,16.21
21JUL2006,17.40
24JUL2006,14.98
25JUL2006,14.85
26JUL2006,14.62
27JUL2006,14.94
28JUL2006,14.33
31JUL2006,14.95
01AUG2006,15.05
02AUG2006,14.34
03AUG2006,14.46
04AUG2006,14.34
07AUG2006,15.23
08AUG2006,15.23
09AUG2006,15.20
10AUG2006,14.46
11AUG2006,14.30
14AUG2006,14.26
15AUG2006,13.42
16AUG2006,12.41
17AUG2006,12.24
18AUG2006,11.64
21AUG2006,12.22
22AUG2006,12.19
23AUG2006,12.40
24AUG2006,12.40
25AUG2006,12.31
28AUG2006,12.18
29AUG2006,12.28
30AUG2006,12.22
31AUG2006,12.31
01SEP2006,11.96
05SEP2006,12.63
06SEP2006,13.74
07SEP2006,13.88
08SEP2006,13.16
11SEP2006,12.99
12SEP2006,11.92
13SEP2006,11.18
14SEP2006,11.55
15SEP2006,11.76
18SEP2006,11.78
19SEP2006,11.98
20SEP2006,11.39
21SEP2006,12.25
22SEP2006,12.59
25SEP2006,12.12
26SEP2006,11.53
27SEP2006,11.58
28SEP2006,11.72
29SEP2006,11.98
02OCT2006,12.57
03OCT2006,12.24
04OCT2006,11.86
05OCT2006,11.98
06OCT2006,11.56
09OCT2006,11.68
10OCT2006,11.52
11OCT2006,11.62
12OCT2006,11.09
13OCT2006,10.75
16OCT2006,11.09
17OCT2006,11.73
18OCT2006,11.34
19OCT2006,10.90
20OCT2006,10.63
23OCT2006,11.08
24OCT2006,10.78
25OCT2006,10.66
26OCT2006,10.56
27OCT2006,10.80
30OCT2006,11.20
31OCT2006,11.10
01NOV2006,11.51
02NOV2006,11.42
03NOV2006,11.16
06NOV2006,11.16
07NOV2006,11.09
08NOV2006,10.75
09NOV2006,11.01
10NOV2006,10.79
13NOV2006,10.86
14NOV2006,10.50
15NOV2006,10.31
16NOV2006,10.16
17NOV2006,10.05
20NOV2006,9.97
21NOV2006,9.90
22NOV2006,10.14
24NOV2006,10.73
27NOV2006,12.30
28NOV2006,11.62
29NOV2006,10.83
30NOV2006,10.91
01DEC2006,11.66
04DEC2006,11.23
05DEC2006,11.27
06DEC2006,11.33
07DEC2006,12.67
08DEC2006,12.07
11DEC2006,10.71
12DEC2006,10.65
13DEC2006,10.18
14DEC2006,9.97
15DEC2006,10.05
18DEC2006,10.60
19DEC2006,10.30
20DEC2006,10.26
21DEC2006,10.53
22DEC2006,11.36
26DEC2006,11.26
27DEC2006,10.64
28DEC2006,10.99
29DEC2006,11.56
03JAN2007,12.04
04JAN2007,11.51
05JAN2007,12.14
08JAN2007,12.00
09JAN2007,11.91
10JAN2007,11.47
11JAN2007,10.87
12JAN2007,10.15
16JAN2007,10.74
17JAN2007,10.59
18JAN2007,10.85
19JAN2007,10.40
22JAN2007,10.77
23JAN2007,10.34
24JAN2007,9.89
25JAN2007,11.22
26JAN2007,11.13
29JAN2007,11.45
30JAN2007,10.96
31JAN2007,10.42
01FEB2007,10.31
02FEB2007,10.08
05FEB2007,10.55
06FEB2007,10.65
07FEB2007,10.32
08FEB2007,10.44
09FEB2007,11.10
12FEB2007,11.61
13FEB2007,10.34
14FEB2007,10.23
15FEB2007,10.22
16FEB2007,10.02
20FEB2007,10.24
21FEB2007,10.20
22FEB2007,10.18
23FEB2007,10.58
26FEB2007,11.15
27FEB2007,18.31
28FEB2007,15.42
01MAR2007,15.82
02MAR2007,18.61
05MAR2007,19.63
06MAR2007,15.96
07MAR2007,15.24
08MAR2007,14.29
09MAR2007,14.09
12MAR2007,13.99
13MAR2007,18.13
14MAR2007,17.27
15MAR2007,16.43
16MAR2007,16.79
19MAR2007,14.59
20MAR2007,13.27
21MAR2007,12.19
22MAR2007,12.93
23MAR2007,12.95
26MAR2007,13.16
27MAR2007,13.48
28MAR2007,14.98
29MAR2007,15.14
30MAR2007,14.64
02APR2007,14.53
03APR2007,13.46
04APR2007,13.24
05APR2007,13.23
09APR2007,13.14
10APR2007,12.68
11APR2007,13.49
12APR2007,12.71
13APR2007,12.20
16APR2007,11.98
17APR2007,12.14
18APR2007,12.42
19APR2007,12.54
20APR2007,12.07
23APR2007,13.04
24APR2007,13.12
25APR2007,13.21
26APR2007,12.79
27APR2007,12.45
30APR2007,14.22
01MAY2007,13.51
02MAY2007,13.08
03MAY2007,13.09
04MAY2007,12.91
07MAY2007,13.15
08MAY2007,13.21
09MAY2007,12.88
10MAY2007,13.60
11MAY2007,12.95
14MAY2007,13.96
15MAY2007,14.01
16MAY2007,13.50
17MAY2007,13.51
18MAY2007,12.76
21MAY2007,13.30
22MAY2007,13.06
23MAY2007,13.24
24MAY2007,14.08
25MAY2007,13.34
29MAY2007,13.53
30MAY2007,12.83
31MAY2007,13.05
01JUN2007,12.78
04JUN2007,13.29
05JUN2007,13.63
06JUN2007,14.87
07JUN2007,17.06
08JUN2007,14.84
11JUN2007,14.71
12JUN2007,16.67
13JUN2007,14.73
14JUN2007,13.64
15JUN2007,13.94
18JUN2007,13.42
19JUN2007,12.85
20JUN2007,14.67
21JUN2007,14.21
22JUN2007,15.75
25JUN2007,16.65
26JUN2007,18.89
27JUN2007,15.53
28JUN2007,15.54
29JUN2007,16.23
02JUL2007,15.40
03JUL2007,14.92
05JUL2007,15.48
06JUL2007,14.72
09JUL2007,15.16
10JUL2007,17.57
11JUL2007,16.64
12JUL2007,15.54
13JUL2007,15.15
16JUL2007,15.59
17JUL2007,15.63
18JUL2007,16.00
19JUL2007,15.23
20JUL2007,16.95
23JUL2007,16.81
24JUL2007,18.55
25JUL2007,18.10
26JUL2007,20.74
27JUL2007,24.17
30JUL2007,20.87
31JUL2007,23.52
01AUG2007,23.67
02AUG2007,21.22
03AUG2007,25.16
06AUG2007,22.94
07AUG2007,21.56
08AUG2007,21.45
09AUG2007,26.48
10AUG2007,28.30
13AUG2007,26.57
14AUG2007,27.68
15AUG2007,30.67
16AUG2007,30.83
17AUG2007,29.99
20AUG2007,26.33
21AUG2007,25.25
22AUG2007,22.89
23AUG2007,22.62
24AUG2007,20.72
27AUG2007,22.72
28AUG2007,26.30
29AUG2007,23.81
30AUG2007,25.06
31AUG2007,23.38
04SEP2007,22.78
05SEP2007,24.58
06SEP2007,23.99
07SEP2007,26.23
10SEP2007,27.38
11SEP2007,25.27
12SEP2007,24.96
13SEP2007,24.76
14SEP2007,24.92
17SEP2007,26.48
18SEP2007,20.35
19SEP2007,20.03
20SEP2007,20.45
21SEP2007,19.00
24SEP2007,19.37
25SEP2007,18.60
26SEP2007,17.63
27SEP2007,17.00
28SEP2007,18.00
01OCT2007,17.84
02OCT2007,18.49
03OCT2007,18.80
04OCT2007,18.44
05OCT2007,16.91
08OCT2007,17.46
09OCT2007,16.12
10OCT2007,16.67
11OCT2007,18.88
12OCT2007,17.73
15OCT2007,19.25
16OCT2007,20.02
17OCT2007,18.54
18OCT2007,18.50
19OCT2007,22.96
22OCT2007,21.64
23OCT2007,20.41
24OCT2007,20.80
25OCT2007,21.17
26OCT2007,19.56
29OCT2007,19.87
30OCT2007,21.07
31OCT2007,18.53
01NOV2007,23.21
02NOV2007,23.01
05NOV2007,24.31
06NOV2007,21.39
07NOV2007,26.49
08NOV2007,26.16
09NOV2007,28.50
12NOV2007,31.09
13NOV2007,24.10
14NOV2007,25.94
15NOV2007,28.06
16NOV2007,25.49
19NOV2007,26.01
20NOV2007,24.88
21NOV2007,26.84
23NOV2007,25.61
26NOV2007,28.91
27NOV2007,26.28
28NOV2007,24.11
29NOV2007,23.97
30NOV2007,22.87
03DEC2007,23.61
04DEC2007,23.79
05DEC2007,22.53
06DEC2007,20.96
07DEC2007,20.85
10DEC2007,20.74
11DEC2007,23.59
12DEC2007,22.47
13DEC2007,22.56
14DEC2007,23.27
17DEC2007,24.52
18DEC2007,22.64
19DEC2007,21.68
20DEC2007,20.58
21DEC2007,18.47
24DEC2007,18.60
26DEC2007,18.66
27DEC2007,20.26
28DEC2007,20.74
31DEC2007,22.50
02JAN2008,23.17
03JAN2008,22.49
04JAN2008,23.94
07JAN2008,23.79
08JAN2008,25.43
09JAN2008,24.12
10JAN2008,23.45
11JAN2008,23.68
14JAN2008,22.90
15JAN2008,23.34
16JAN2008,24.38
17JAN2008,28.46
18JAN2008,27.18
22JAN2008,31.01
23JAN2008,29.02
24JAN2008,27.78
25JAN2008,29.08
28JAN2008,27.78
29JAN2008,27.32
30JAN2008,27.62
31JAN2008,26.20
01FEB2008,24.02
04FEB2008,25.99
05FEB2008,28.24
06FEB2008,28.97
07FEB2008,27.66
08FEB2008,28.01
11FEB2008,27.60
12FEB2008,26.33
13FEB2008,24.88
14FEB2008,25.54
15FEB2008,25.02
19FEB2008,25.59
20FEB2008,24.40
21FEB2008,25.12
22FEB2008,24.06
25FEB2008,23.03
26FEB2008,21.90
27FEB2008,22.69
28FEB2008,23.53
29FEB2008,26.54
03MAR2008,26.28
04MAR2008,25.52
05MAR2008,24.60
06MAR2008,27.55
07MAR2008,27.49
10MAR2008,29.38
11MAR2008,26.36
12MAR2008,27.22
13MAR2008,27.29
14MAR2008,31.16
17MAR2008,32.24
18MAR2008,25.79
19MAR2008,29.84
20MAR2008,26.62
24MAR2008,25.73
25MAR2008,25.72
26MAR2008,26.08
27MAR2008,25.88
28MAR2008,25.71
31MAR2008,25.61
01APR2008,22.68
02APR2008,23.43
03APR2008,23.21
04APR2008,22.45
07APR2008,22.42
08APR2008,22.36
09APR2008,22.81
10APR2008,21.98
11APR2008,23.46
14APR2008,23.82
15APR2008,22.78
16APR2008,20.53
17APR2008,20.37
18APR2008,20.13
21APR2008,20.50
22APR2008,20.87
23APR2008,20.26
24APR2008,20.06
25APR2008,19.59
28APR2008,19.64
29APR2008,20.24
30APR2008,20.79
01MAY2008,18.88
02MAY2008,18.18
05MAY2008,18.90
06MAY2008,18.21
07MAY2008,19.73
08MAY2008,19.40
09MAY2008,19.41
12MAY2008,17.79
13MAY2008,17.98
14MAY2008,17.66
15MAY2008,16.30
16MAY2008,16.47
19MAY2008,17.01
20MAY2008,17.58
21MAY2008,18.59
22MAY2008,18.05
23MAY2008,19.55
27MAY2008,19.64
28MAY2008,19.07
29MAY2008,18.14
30MAY2008,17.83
02JUN2008,19.83
03JUN2008,20.24
04JUN2008,20.80
05JUN2008,18.63
06JUN2008,23.56
09JUN2008,23.12
10JUN2008,23.18
11JUN2008,24.12
12JUN2008,23.33
13JUN2008,21.22
16JUN2008,20.95
17JUN2008,21.13
18JUN2008,22.24
19JUN2008,21.58
20JUN2008,22.87
23JUN2008,22.64
24JUN2008,22.42
25JUN2008,21.14
26JUN2008,23.93
27JUN2008,23.44
30JUN2008,23.95
01JUL2008,23.65
02JUL2008,25.92
03JUL2008,24.78
07JUL2008,25.78
08JUL2008,23.15
09JUL2008,25.23
10JUL2008,25.59
11JUL2008,27.49
14JUL2008,28.48
15JUL2008,28.54
16JUL2008,25.10
17JUL2008,25.01
18JUL2008,24.05
21JUL2008,23.05
22JUL2008,21.18
23JUL2008,21.31
24JUL2008,23.44
25JUL2008,22.91
28JUL2008,24.23
29JUL2008,22.03
30JUL2008,21.21
31JUL2008,22.94
01AUG2008,22.57
04AUG2008,23.49
05AUG2008,21.14
06AUG2008,20.23
07AUG2008,21.15
08AUG2008,20.66
11AUG2008,20.12
12AUG2008,21.17
13AUG2008,21.55
14AUG2008,20.34
15AUG2008,19.58
18AUG2008,20.98
19AUG2008,21.28
20AUG2008,20.42
21AUG2008,19.82
22AUG2008,18.81
25AUG2008,20.97
26AUG2008,20.49
27AUG2008,19.76
28AUG2008,19.43
29AUG2008,20.65
02SEP2008,21.99
03SEP2008,21.43
04SEP2008,24.03
05SEP2008,23.06
08SEP2008,22.64
09SEP2008,25.47
10SEP2008,24.52
11SEP2008,24.39
12SEP2008,25.66
15SEP2008,31.70
16SEP2008,30.30
17SEP2008,36.22
18SEP2008,33.10
19SEP2008,32.07
22SEP2008,33.85
23SEP2008,35.72
24SEP2008,35.19
25SEP2008,32.82
26SEP2008,34.74
29SEP2008,46.72
30SEP2008,39.39
01OCT2008,39.81
02OCT2008,45.26
03OCT2008,45.14
06OCT2008,52.05
07OCT2008,53.68
08OCT2008,57.53
09OCT2008,63.92
10OCT2008,69.95
13OCT2008,54.99
14OCT2008,55.13
15OCT2008,69.25
16OCT2008,67.61
17OCT2008,70.33
20OCT2008,52.97
21OCT2008,53.11
22OCT2008,69.65
23OCT2008,67.80
24OCT2008,79.13
27OCT2008,80.06
28OCT2008,66.96
29OCT2008,69.96
30OCT2008,62.90
31OCT2008,59.89
03NOV2008,53.68
04NOV2008,47.73
05NOV2008,54.56
06NOV2008,63.68
07NOV2008,56.10
10NOV2008,59.98
11NOV2008,61.44
12NOV2008,66.46
13NOV2008,59.83
14NOV2008,66.31
17NOV2008,69.15
18NOV2008,67.64
19NOV2008,74.26
20NOV2008,80.86
21NOV2008,72.67
24NOV2008,64.70
25NOV2008,60.90
26NOV2008,54.92
28NOV2008,55.28
01DEC2008,68.51
02DEC2008,62.98
03DEC2008,60.72
04DEC2008,63.64
05DEC2008,59.93
08DEC2008,58.49
09DEC2008,58.91
10DEC2008,55.73
11DEC2008,55.78
12DEC2008,54.28
15DEC2008,56.76
16DEC2008,52.37
17DEC2008,49.84
18DEC2008,47.34
19DEC2008,44.93
22DEC2008,44.56
23DEC2008,45.02
24DEC2008,44.21
26DEC2008,43.38
29DEC2008,43.90
30DEC2008,41.63
31DEC2008,40.00
02JAN2009,39.19
05JAN2009,39.08
06JAN2009,38.56
07JAN2009,43.39
08JAN2009,42.56
09JAN2009,42.82
12JAN2009,45.84
13JAN2009,43.27
14JAN2009,49.14
15JAN2009,51.00
16JAN2009,46.11
20JAN2009,56.65
21JAN2009,46.42
22JAN2009,47.29
23JAN2009,47.27
26JAN2009,45.69
27JAN2009,42.25
28JAN2009,39.66
29JAN2009,42.63
30JAN2009,44.84
02FEB2009,45.52
03FEB2009,43.06
04FEB2009,43.85
05FEB2009,43.73
06FEB2009,43.37
09FEB2009,43.64
10FEB2009,46.67
11FEB2009,44.53
12FEB2009,41.25
13FEB2009,42.93
17FEB2009,48.66
18FEB2009,48.46
19FEB2009,47.08
20FEB2009,49.30
23FEB2009,52.62
24FEB2009,45.49
25FEB2009,44.67
26FEB2009,44.66
27FEB2009,46.35
02MAR2009,52.65
03MAR2009,50.93
04MAR2009,47.56
05MAR2009,50.17
06MAR2009,49.33
09MAR2009,49.68
10MAR2009,44.37
11MAR2009,43.61
12MAR2009,41.18
13MAR2009,42.36
16MAR2009,43.74
17MAR2009,40.80
18MAR2009,40.06
19MAR2009,43.68
20MAR2009,45.89
23MAR2009,43.23
24MAR2009,42.93
25MAR2009,42.25
26MAR2009,40.36
27MAR2009,41.04
30MAR2009,45.54
31MAR2009,44.14
01APR2009,42.28
02APR2009,42.04
03APR2009,39.70
06APR2009,40.93
07APR2009,40.39
08APR2009,38.85
09APR2009,36.53
13APR2009,37.81
14APR2009,37.67
15APR2009,36.17
16APR2009,35.79
17APR2009,33.94
20APR2009,39.18
21APR2009,37.14
22APR2009,38.10
23APR2009,37.15
24APR2009,36.82
27APR2009,38.32
28APR2009,37.95
29APR2009,36.08
30APR2009,36.50
01MAY2009,35.30
04MAY2009,34.53
05MAY2009,33.36
06MAY2009,32.45
07MAY2009,33.44
08MAY2009,32.05
11MAY2009,32.87
12MAY2009,31.80
13MAY2009,33.65
14MAY2009,31.37
15MAY2009,33.12
18MAY2009,30.24
19MAY2009,28.80
20MAY2009,29.03
21MAY2009,31.35
22MAY2009,32.63
26MAY2009,30.62
27MAY2009,32.36
28MAY2009,31.67
29MAY2009,28.92
01JUN2009,30.04
02JUN2009,29.63
03JUN2009,31.02
04JUN2009,30.18
05JUN2009,29.62
08JUN2009,29.77
09JUN2009,28.27
10JUN2009,28.46
11JUN2009,28.11
12JUN2009,28.15
15JUN2009,30.81
16JUN2009,32.68
17JUN2009,31.54
18JUN2009,30.03
19JUN2009,27.99
22JUN2009,31.17
23JUN2009,30.58
24JUN2009,29.05
25JUN2009,26.36
26JUN2009,25.93
29JUN2009,25.35
30JUN2009,26.35
01JUL2009,26.22
02JUL2009,27.95
06JUL2009,29.00
07JUL2009,30.85
08JUL2009,31.30
09JUL2009,29.78
10JUL2009,29.02
13JUL2009,26.31
14JUL2009,25.02
15JUL2009,25.89
16JUL2009,25.42
17JUL2009,24.34
20JUL2009,24.40
21JUL2009,23.87
22JUL2009,23.47
23JUL2009,23.43
24JUL2009,23.09
27JUL2009,24.28
28JUL2009,25.01
29JUL2009,25.61
30JUL2009,25.40
31JUL2009,25.92
03AUG2009,25.56
04AUG2009,24.89
05AUG2009,24.90
06AUG2009,25.67
07AUG2009,24.76
10AUG2009,24.99
11AUG2009,25.99
12AUG2009,25.45
13AUG2009,24.71
14AUG2009,24.27
17AUG2009,27.89
18AUG2009,26.18
19AUG2009,26.26
20AUG2009,25.09
21AUG2009,25.01
24AUG2009,25.14
25AUG2009,24.92
26AUG2009,24.95
27AUG2009,24.68
28AUG2009,24.76
31AUG2009,26.01
01SEP2009,29.15
02SEP2009,28.90
03SEP2009,27.10
04SEP2009,25.26
08SEP2009,25.62
09SEP2009,24.32
10SEP2009,23.55
11SEP2009,24.15
14SEP2009,23.86
15SEP2009,23.42
16SEP2009,23.69
17SEP2009,23.65
18SEP2009,23.92
21SEP2009,24.06
22SEP2009,23.08
23SEP2009,23.49
24SEP2009,24.95
25SEP2009,25.61
28SEP2009,24.88
29SEP2009,25.19
30SEP2009,25.61
01OCT2009,28.27
02OCT2009,28.68
05OCT2009,26.84
06OCT2009,25.70
07OCT2009,24.68
08OCT2009,24.18
09OCT2009,23.12
12OCT2009,23.01
13OCT2009,22.99
14OCT2009,22.86
15OCT2009,21.72
16OCT2009,21.43
19OCT2009,21.49
20OCT2009,20.90
21OCT2009,22.22
22OCT2009,20.69
23OCT2009,22.27
26OCT2009,24.31
27OCT2009,24.83
28OCT2009,27.91
29OCT2009,24.76
30OCT2009,30.69
02NOV2009,29.78
03NOV2009,28.81
04NOV2009,27.72
05NOV2009,25.43
06NOV2009,24.19
09NOV2009,23.15
10NOV2009,22.84
11NOV2009,23.04
12NOV2009,24.24
13NOV2009,23.36
16NOV2009,22.89
17NOV2009,22.41
18NOV2009,21.63
19NOV2009,22.63
20NOV2009,22.19
23NOV2009,21.16
24NOV2009,20.47
25NOV2009,20.48
27NOV2009,24.74
30NOV2009,24.51
01DEC2009,21.92
02DEC2009,21.12
03DEC2009,22.46
04DEC2009,21.25
07DEC2009,22.10
08DEC2009,23.69
09DEC2009,22.66
10DEC2009,22.32
11DEC2009,21.59
14DEC2009,21.15
15DEC2009,21.49
16DEC2009,20.54
17DEC2009,22.51
18DEC2009,21.68
21DEC2009,20.49
22DEC2009,19.54
23DEC2009,19.71
24DEC2009,19.47
28DEC2009,19.93
29DEC2009,20.01
30DEC2009,19.96
31DEC2009,21.68
04JAN2010,20.04
05JAN2010,19.35
06JAN2010,19.16
07JAN2010,19.06
08JAN2010,18.13
11JAN2010,17.55
12JAN2010,18.25
13JAN2010,17.85
14JAN2010,17.63
15JAN2010,17.91
19JAN2010,17.58
20JAN2010,18.68
21JAN2010,22.27
22JAN2010,27.31
25JAN2010,25.41
26JAN2010,24.55
27JAN2010,23.14
28JAN2010,23.73
29JAN2010,24.62
01FEB2010,22.59
02FEB2010,21.48
03FEB2010,21.60
04FEB2010,26.08
05FEB2010,26.11
08FEB2010,26.51
09FEB2010,26.00
10FEB2010,25.40
11FEB2010,23.96
12FEB2010,22.73
16FEB2010,22.25
17FEB2010,21.72
18FEB2010,20.63
19FEB2010,20.02
22FEB2010,19.94
23FEB2010,21.37
24FEB2010,20.27
25FEB2010,20.10
26FEB2010,19.50
01MAR2010,19.26
02MAR2010,19.06
03MAR2010,18.83
04MAR2010,18.72
05MAR2010,17.42
08MAR2010,17.79
09MAR2010,17.92
10MAR2010,18.57
11MAR2010,18.06
12MAR2010,17.58
15MAR2010,18.00
16MAR2010,17.69
17MAR2010,16.91
18MAR2010,16.62
19MAR2010,16.97
22MAR2010,16.87
23MAR2010,16.35
24MAR2010,17.55
25MAR2010,18.40
26MAR2010,17.77
29MAR2010,17.59
30MAR2010,17.13
31MAR2010,17.59
01APR2010,17.47
05APR2010,17.02
06APR2010,16.23
07APR2010,16.62
08APR2010,16.48
09APR2010,16.14
12APR2010,15.58
13APR2010,16.20
14APR2010,15.59
15APR2010,15.89
16APR2010,18.36
19APR2010,17.34
20APR2010,15.73
21APR2010,16.32
22APR2010,16.47
23APR2010,16.62
26APR2010,17.47
27APR2010,22.81
28APR2010,21.08
29APR2010,18.44
30APR2010,22.05
03MAY2010,20.19
04MAY2010,23.84
05MAY2010,24.91
06MAY2010,32.80
07MAY2010,40.95
10MAY2010,28.84
11MAY2010,28.32
12MAY2010,25.52
13MAY2010,26.68
14MAY2010,31.24
17MAY2010,30.84
18MAY2010,33.55
19MAY2010,35.32
20MAY2010,45.79
21MAY2010,40.10
24MAY2010,38.32
25MAY2010,34.61
26MAY2010,35.02
27MAY2010,29.68
28MAY2010,32.07
01JUN2010,35.54
02JUN2010,30.17
03JUN2010,29.46
04JUN2010,35.48
07JUN2010,36.57
08JUN2010,33.70
09JUN2010,33.73
10JUN2010,30.57
11JUN2010,28.79
14JUN2010,28.58
15JUN2010,25.87
16JUN2010,25.92
17JUN2010,25.05
18JUN2010,23.95
21JUN2010,24.88
22JUN2010,27.05
23JUN2010,26.91
24JUN2010,29.74
25JUN2010,28.53
28JUN2010,29.00
29JUN2010,34.13
30JUN2010,34.54
01JUL2010,32.86
02JUL2010,30.12
06JUL2010,29.65
07JUL2010,26.84
08JUL2010,25.71
09JUL2010,24.98
12JUL2010,24.43
13JUL2010,24.56
14JUL2010,24.89
15JUL2010,25.14
16JUL2010,26.25
19JUL2010,25.97
20JUL2010,23.93
21JUL2010,25.64
22JUL2010,24.63
23JUL2010,23.47
26JUL2010,22.73
27JUL2010,23.19
28JUL2010,24.25
29JUL2010,24.13
30JUL2010,23.50
02AUG2010,22.01
03AUG2010,22.63
04AUG2010,22.21
05AUG2010,22.10
06AUG2010,21.74
09AUG2010,22.14
10AUG2010,22.37
11AUG2010,25.39
12AUG2010,25.73
13AUG2010,26.24
16AUG2010,26.10
17AUG2010,24.33
18AUG2010,24.59
19AUG2010,26.44
20AUG2010,25.49
23AUG2010,25.66
24AUG2010,27.46
25AUG2010,26.70
26AUG2010,27.37
27AUG2010,24.45
30AUG2010,27.21
31AUG2010,26.05
01SEP2010,23.89
02SEP2010,23.19
03SEP2010,21.31
07SEP2010,23.80
08SEP2010,23.25
09SEP2010,22.81
10SEP2010,21.99
13SEP2010,21.21
14SEP2010,21.56
15SEP2010,22.10
16SEP2010,21.72
17SEP2010,22.01
20SEP2010,21.50
21SEP2010,22.35
22SEP2010,22.51
23SEP2010,23.87
24SEP2010,21.71
27SEP2010,22.54
28SEP2010,22.60
29SEP2010,23.25
30SEP2010,23.70
01OCT2010,22.50
04OCT2010,23.53
05OCT2010,21.76
06OCT2010,21.49
07OCT2010,21.56
08OCT2010,20.71
11OCT2010,18.96
12OCT2010,18.93
13OCT2010,19.07
14OCT2010,19.88
15OCT2010,19.03
18OCT2010,19.09
19OCT2010,20.63
20OCT2010,19.79
21OCT2010,19.27
22OCT2010,18.78
25OCT2010,19.85
26OCT2010,20.22
27OCT2010,20.71
28OCT2010,20.88
29OCT2010,21.20
01NOV2010,21.83
02NOV2010,21.57
03NOV2010,19.56
04NOV2010,18.52
05NOV2010,18.26
08NOV2010,18.29
09NOV2010,19.08
10NOV2010,18.47
11NOV2010,18.64
12NOV2010,20.61
15NOV2010,20.20
16NOV2010,22.58
17NOV2010,21.76
18NOV2010,18.75
19NOV2010,18.04
22NOV2010,18.37
23NOV2010,20.63
24NOV2010,19.56
26NOV2010,22.22
29NOV2010,21.53
30NOV2010,23.54
01DEC2010,21.36
02DEC2010,19.39
03DEC2010,18.01
06DEC2010,18.02
07DEC2010,17.99
08DEC2010,17.74
09DEC2010,17.25
10DEC2010,17.61
13DEC2010,17.55
14DEC2010,17.61
15DEC2010,17.94
16DEC2010,17.39
17DEC2010,16.11
20DEC2010,16.41
21DEC2010,16.49
22DEC2010,15.45
23DEC2010,16.47
27DEC2010,17.67
28DEC2010,17.52
29DEC2010,17.28
30DEC2010,17.52
31DEC2010,17.75
03JAN2011,17.61
04JAN2011,17.38
05JAN2011,17.02
06JAN2011,17.40
07JAN2011,17.14
10JAN2011,17.54
11JAN2011,16.89
12JAN2011,16.24
13JAN2011,16.39
14JAN2011,15.46
18JAN2011,15.87
19JAN2011,17.31
20JAN2011,17.99
21JAN2011,18.47
24JAN2011,17.65
25JAN2011,17.59
26JAN2011,16.64
27JAN2011,16.15
28JAN2011,20.04
31JAN2011,19.53
01FEB2011,17.63
02FEB2011,17.30
03FEB2011,16.69
04FEB2011,15.93
07FEB2011,16.28
08FEB2011,15.81
09FEB2011,15.87
10FEB2011,16.09
11FEB2011,15.69
14FEB2011,15.95
15FEB2011,16.37
16FEB2011,16.72
17FEB2011,16.59
18FEB2011,16.43
22FEB2011,20.80
23FEB2011,22.13
24FEB2011,21.32
25FEB2011,19.22
28FEB2011,18.35
01MAR2011,21.01
02MAR2011,20.70
03MAR2011,18.60
04MAR2011,19.06
07MAR2011,20.66
08MAR2011,19.82
09MAR2011,20.22
10MAR2011,21.88
11MAR2011,20.08
14MAR2011,21.13
15MAR2011,24.32
16MAR2011,29.40
17MAR2011,26.37
18MAR2011,24.44
21MAR2011,20.61
22MAR2011,20.21
23MAR2011,19.17
24MAR2011,18.00
25MAR2011,17.91
28MAR2011,19.44
29MAR2011,18.16
30MAR2011,17.71
31MAR2011,17.74
01APR2011,17.40
04APR2011,17.50
05APR2011,17.25
06APR2011,16.90
07APR2011,17.11
08APR2011,17.87
11APR2011,16.59
12APR2011,17.09
13APR2011,16.92
14APR2011,16.27
15APR2011,15.32
18APR2011,16.96
19APR2011,15.83
20APR2011,15.07
21APR2011,14.69
25APR2011,15.77
26APR2011,15.62
27APR2011,15.35
28APR2011,14.62
29APR2011,14.75
02MAY2011,15.99
03MAY2011,16.70
04MAY2011,17.08
05MAY2011,18.20
06MAY2011,18.40
09MAY2011,17.16
10MAY2011,15.91
11MAY2011,16.95
12MAY2011,16.03
13MAY2011,17.07
16MAY2011,18.24
17MAY2011,17.55
18MAY2011,16.23
19MAY2011,15.52
20MAY2011,17.43
23MAY2011,18.27
24MAY2011,17.82
25MAY2011,17.07
26MAY2011,16.09
27MAY2011,15.98
31MAY2011,15.45
01JUN2011,18.30
02JUN2011,18.09
03JUN2011,17.95
06JUN2011,18.49
07JUN2011,18.07
08JUN2011,18.79
09JUN2011,17.77
10JUN2011,18.86
13JUN2011,19.61
14JUN2011,18.26
15JUN2011,21.32
16JUN2011,22.73
17JUN2011,21.85
20JUN2011,19.99
21JUN2011,18.86
22JUN2011,18.52
23JUN2011,19.29
24JUN2011,21.10
27JUN2011,20.56
28JUN2011,19.17
29JUN2011,17.27
30JUN2011,16.52
01JUL2011,15.87
05JUL2011,16.06
06JUL2011,16.34
07JUL2011,15.95
08JUL2011,15.95
11JUL2011,18.39
12JUL2011,19.87
13JUL2011,19.91
14JUL2011,20.80
15JUL2011,19.53
18JUL2011,20.95
19JUL2011,19.21
20JUL2011,19.09
21JUL2011,17.56
22JUL2011,17.52
25JUL2011,19.35
26JUL2011,20.23
27JUL2011,22.98
28JUL2011,23.74
29JUL2011,25.25
01AUG2011,23.66
02AUG2011,24.79
03AUG2011,23.38
04AUG2011,31.66
05AUG2011,32.00
08AUG2011,48.00
09AUG2011,35.06
10AUG2011,42.99
11AUG2011,39.00
12AUG2011,36.36
15AUG2011,31.87
16AUG2011,32.85
17AUG2011,31.58
18AUG2011,42.67
19AUG2011,43.05
22AUG2011,42.44
23AUG2011,36.27
24AUG2011,35.90
25AUG2011,39.76
26AUG2011,35.59
29AUG2011,32.28
30AUG2011,32.89
31AUG2011,31.62
01SEP2011,31.82
02SEP2011,33.92
06SEP2011,37.00
07SEP2011,33.38
08SEP2011,34.32
09SEP2011,38.52
12SEP2011,38.59
13SEP2011,36.91
14SEP2011,34.60
15SEP2011,31.97
16SEP2011,30.98
19SEP2011,32.73
20SEP2011,32.86
21SEP2011,37.32
22SEP2011,41.35
23SEP2011,41.25
26SEP2011,39.02
27SEP2011,37.71
28SEP2011,41.08
29SEP2011,38.84
30SEP2011,42.96
03OCT2011,45.45
04OCT2011,40.82
05OCT2011,37.81
06OCT2011,36.27
07OCT2011,36.20
10OCT2011,33.02
11OCT2011,32.86
12OCT2011,31.26
13OCT2011,30.70
14OCT2011,28.24
17OCT2011,33.39
18OCT2011,31.56
19OCT2011,34.44
20OCT2011,34.78
21OCT2011,31.32
24OCT2011,29.26
25OCT2011,32.22
26OCT2011,29.86
27OCT2011,25.46
28OCT2011,24.53
31OCT2011,29.96
01NOV2011,34.77
02NOV2011,32.74
03NOV2011,30.50
04NOV2011,30.16
07NOV2011,29.85
08NOV2011,27.48
09NOV2011,36.16
10NOV2011,32.81
11NOV2011,30.04
14NOV2011,31.13
15NOV2011,31.22
16NOV2011,33.51
17NOV2011,34.51
18NOV2011,32.00
21NOV2011,32.91
22NOV2011,31.97
23NOV2011,33.98
25NOV2011,34.47
28NOV2011,32.13
29NOV2011,30.64
30NOV2011,27.80
01DEC2011,27.41
02DEC2011,27.52
05DEC2011,27.84
06DEC2011,28.13
07DEC2011,28.67
08DEC2011,30.59
09DEC2011,26.38
12DEC2011,25.67
13DEC2011,25.41
14DEC2011,26.04
15DEC2011,25.11
16DEC2011,24.29
19DEC2011,24.92
20DEC2011,23.22
21DEC2011,21.43
22DEC2011,21.16
23DEC2011,20.73
27DEC2011,21.91
28DEC2011,23.52
29DEC2011,22.65
30DEC2011,23.40
03JAN2012,22.97
04JAN2012,22.22
05JAN2012,21.48
06JAN2012,20.63
09JAN2012,21.07
10JAN2012,20.69
11JAN2012,21.05
12JAN2012,20.47
13JAN2012,20.91
17JAN2012,22.20
18JAN2012,20.89
19JAN2012,19.87
20JAN2012,18.28
23JAN2012,18.67
24JAN2012,18.91
25JAN2012,18.31
26JAN2012,18.57
27JAN2012,18.53
30JAN2012,19.40
31JAN2012,19.44
01FEB2012,18.55
02FEB2012,17.98
03FEB2012,17.10
06FEB2012,17.76
07FEB2012,17.65
08FEB2012,18.16
09FEB2012,18.63
10FEB2012,20.79
13FEB2012,19.04
14FEB2012,19.54
15FEB2012,21.14
16FEB2012,19.22
17FEB2012,17.78
21FEB2012,18.19
22FEB2012,18.19
23FEB2012,16.80
24FEB2012,17.31
27FEB2012,18.19
28FEB2012,17.96
29FEB2012,18.43
01MAR2012,17.26
02MAR2012,17.29
05MAR2012,18.05
06MAR2012,20.87
07MAR2012,19.07
08MAR2012,17.95
09MAR2012,17.11
12MAR2012,15.64
13MAR2012,14.80
14MAR2012,15.31
15MAR2012,15.42
16MAR2012,14.47
19MAR2012,15.04
20MAR2012,15.58
21MAR2012,15.13
22MAR2012,15.57
23MAR2012,14.82
26MAR2012,14.26
27MAR2012,15.59
28MAR2012,15.47
29MAR2012,15.48
30MAR2012,15.50
02APR2012,15.64
03APR2012,15.66
04APR2012,16.44
05APR2012,16.70
09APR2012,18.81
10APR2012,20.39
11APR2012,20.02
12APR2012,17.20
13APR2012,19.55
16APR2012,19.55
17APR2012,18.46
18APR2012,18.64
19APR2012,18.36
20APR2012,17.44
23APR2012,18.97
24APR2012,18.10
25APR2012,16.82
26APR2012,16.24
27APR2012,16.32
30APR2012,17.15
01MAY2012,16.60
02MAY2012,16.88
03MAY2012,17.56
04MAY2012,19.16
07MAY2012,18.94
08MAY2012,19.05
09MAY2012,20.08
10MAY2012,18.83
11MAY2012,19.89
14MAY2012,21.87
15MAY2012,21.97
16MAY2012,22.27
17MAY2012,24.49
18MAY2012,25.10
21MAY2012,22.01
22MAY2012,22.48
23MAY2012,22.33
24MAY2012,21.54
25MAY2012,21.76
29MAY2012,21.03
30MAY2012,24.14
31MAY2012,24.06
01JUN2012,26.66
04JUN2012,26.12
05JUN2012,24.68
06JUN2012,22.16
07JUN2012,21.72
08JUN2012,21.23
11JUN2012,23.56
12JUN2012,22.09
13JUN2012,24.27
14JUN2012,21.68
15JUN2012,21.11
18JUN2012,18.32
19JUN2012,18.38
20JUN2012,17.24
21JUN2012,20.08
22JUN2012,18.11
25JUN2012,20.38
26JUN2012,19.72
27JUN2012,19.45
28JUN2012,19.71
29JUN2012,17.08
02JUL2012,16.80
03JUL2012,16.66
05JUL2012,17.50
06JUL2012,17.10
09JUL2012,17.98
10JUL2012,18.72
11JUL2012,17.95
12JUL2012,18.33
13JUL2012,16.74
16JUL2012,17.11
17JUL2012,16.48
18JUL2012,16.16
19JUL2012,15.45
20JUL2012,16.27
23JUL2012,18.62
24JUL2012,20.47
25JUL2012,19.34
26JUL2012,17.53
27JUL2012,16.70
30JUL2012,18.03
31JUL2012,18.93
01AUG2012,18.96
02AUG2012,17.57
03AUG2012,15.64
06AUG2012,15.95
07AUG2012,15.99
08AUG2012,15.32
09AUG2012,15.28
10AUG2012,14.74
13AUG2012,13.70
14AUG2012,14.85
15AUG2012,14.63
16AUG2012,14.29
17AUG2012,13.45
20AUG2012,14.02
21AUG2012,15.02
22AUG2012,15.11
23AUG2012,15.96
24AUG2012,15.18
27AUG2012,16.35
28AUG2012,16.49
29AUG2012,17.06
30AUG2012,17.83
31AUG2012,17.47
04SEP2012,17.98
05SEP2012,17.74
06SEP2012,15.60
07SEP2012,14.38
10SEP2012,16.28
11SEP2012,16.41
12SEP2012,15.80
13SEP2012,14.05
14SEP2012,14.51
17SEP2012,14.59
18SEP2012,14.18
19SEP2012,13.88
20SEP2012,14.07
21SEP2012,13.98
24SEP2012,14.15
25SEP2012,15.43
26SEP2012,16.81
27SEP2012,14.84
28SEP2012,15.73
01OCT2012,16.32
02OCT2012,15.71
03OCT2012,15.43
04OCT2012,14.55
05OCT2012,14.33
08OCT2012,15.11
09OCT2012,16.37
10OCT2012,16.29
11OCT2012,15.59
12OCT2012,16.14
15OCT2012,15.27
16OCT2012,15.22
17OCT2012,15.07
18OCT2012,15.03
19OCT2012,17.06
22OCT2012,16.62
23OCT2012,18.83
24OCT2012,18.33
25OCT2012,18.12
26OCT2012,17.81
31OCT2012,18.60
01NOV2012,16.69
02NOV2012,17.59
05NOV2012,18.42
06NOV2012,17.58
07NOV2012,19.08
08NOV2012,18.49
09NOV2012,18.61
12NOV2012,16.68
13NOV2012,16.65
14NOV2012,17.92
15NOV2012,17.99
16NOV2012,16.41
19NOV2012,15.24
20NOV2012,15.08
21NOV2012,15.31
23NOV2012,15.14
26NOV2012,15.50
27NOV2012,15.92
28NOV2012,15.51
29NOV2012,15.06
30NOV2012,15.87
03DEC2012,16.64
04DEC2012,17.12
05DEC2012,16.46
06DEC2012,16.58
07DEC2012,15.90
10DEC2012,16.05
11DEC2012,15.57
12DEC2012,15.95
13DEC2012,16.56
14DEC2012,17.00
17DEC2012,16.34
18DEC2012,15.57
19DEC2012,17.36
20DEC2012,17.67
21DEC2012,17.84
24DEC2012,17.84
26DEC2012,19.48
27DEC2012,19.47
28DEC2012,22.72
31DEC2012,18.02
02JAN2013,14.68
03JAN2013,14.56
04JAN2013,13.83
07JAN2013,13.79
08JAN2013,13.62
09JAN2013,13.81
10JAN2013,13.49
11JAN2013,13.36
14JAN2013,13.52
15JAN2013,13.55
16JAN2013,13.42
17JAN2013,13.57
18JAN2013,12.46
22JAN2013,12.43
23JAN2013,12.46
24JAN2013,12.69
25JAN2013,12.89
28JAN2013,13.57
29JAN2013,13.31
30JAN2013,14.32
31JAN2013,14.28
01FEB2013,12.90
04FEB2013,14.67
05FEB2013,13.72
06FEB2013,13.41
07FEB2013,13.50
08FEB2013,13.02
11FEB2013,12.94
12FEB2013,12.64
13FEB2013,12.98
14FEB2013,12.66
15FEB2013,12.46
19FEB2013,12.31
20FEB2013,14.68
21FEB2013,15.22
22FEB2013,14.17
25FEB2013,18.99
26FEB2013,16.87
27FEB2013,14.73
28FEB2013,15.51
01MAR2013,15.36
04MAR2013,14.01
05MAR2013,13.48
06MAR2013,13.53
07MAR2013,13.06
08MAR2013,12.59
11MAR2013,11.56
12MAR2013,12.27
13MAR2013,11.83
14MAR2013,11.30
15MAR2013,11.30
18MAR2013,13.36
19MAR2013,14.39
20MAR2013,12.67
21MAR2013,13.99
22MAR2013,13.57
25MAR2013,13.74
26MAR2013,12.77
27MAR2013,13.15
28MAR2013,12.70
01APR2013,13.58
02APR2013,12.78
03APR2013,14.21
04APR2013,13.89
05APR2013,13.92
08APR2013,13.19
09APR2013,12.84
10APR2013,12.36
11APR2013,12.24
12APR2013,12.06
15APR2013,17.27
16APR2013,13.96
17APR2013,16.51
18APR2013,17.56
19APR2013,14.97
22APR2013,14.39
23APR2013,13.48
24APR2013,13.61
25APR2013,13.62
26APR2013,13.61
29APR2013,13.71
30APR2013,13.52
01MAY2013,14.49
02MAY2013,13.59
03MAY2013,12.85
06MAY2013,12.66
07MAY2013,12.83
08MAY2013,12.66
09MAY2013,13.13
10MAY2013,12.59
13MAY2013,12.55
14MAY2013,12.77
15MAY2013,12.81
16MAY2013,13.07
17MAY2013,12.45
20MAY2013,13.02
21MAY2013,13.37
22MAY2013,13.82
23MAY2013,14.07
24MAY2013,13.99
28MAY2013,14.48
29MAY2013,14.83
30MAY2013,14.53
31MAY2013,16.30
03JUN2013,16.28
04JUN2013,16.27
05JUN2013,17.50
06JUN2013,16.63
07JUN2013,15.14
10JUN2013,15.44
11JUN2013,17.07
12JUN2013,18.59
13JUN2013,16.41
14JUN2013,17.15
17JUN2013,16.80
18JUN2013,16.61
19JUN2013,16.64
20JUN2013,20.49
21JUN2013,18.90
24JUN2013,20.11
25JUN2013,18.47
26JUN2013,17.21
27JUN2013,16.86
28JUN2013,16.86
01JUL2013,16.37
02JUL2013,16.44
03JUL2013,16.20
05JUL2013,14.89
08JUL2013,14.78
09JUL2013,14.35
10JUL2013,14.21
11JUL2013,14.01
12JUL2013,13.84
15JUL2013,13.79
16JUL2013,14.42
17JUL2013,13.78
18JUL2013,13.77
19JUL2013,12.54
22JUL2013,12.29
23JUL2013,12.66
24JUL2013,13.18
25JUL2013,12.97
26JUL2013,12.72
29JUL2013,13.39
30JUL2013,13.39
31JUL2013,13.45
01AUG2013,12.94
02AUG2013,11.98
05AUG2013,11.84
06AUG2013,12.72
07AUG2013,12.98
08AUG2013,12.73
09AUG2013,13.41
12AUG2013,12.81
13AUG2013,12.31
14AUG2013,13.04
15AUG2013,14.73
16AUG2013,14.37
19AUG2013,15.10
20AUG2013,14.91
21AUG2013,15.94
22AUG2013,14.76
23AUG2013,13.98
26AUG2013,14.99
27AUG2013,16.77
28AUG2013,16.49
29AUG2013,16.81
30AUG2013,17.01
03SEP2013,16.61
04SEP2013,15.88
05SEP2013,15.77
06SEP2013,15.85
09SEP2013,15.63
10SEP2013,14.53
11SEP2013,13.82
12SEP2013,14.29
13SEP2013,14.16
16SEP2013,14.38
17SEP2013,14.53
18SEP2013,13.59
19SEP2013,13.16
20SEP2013,13.12
23SEP2013,14.31
24SEP2013,14.08
25SEP2013,14.01
26SEP2013,14.06
27SEP2013,15.46
30SEP2013,16.60
01OCT2013,15.54
02OCT2013,16.60
03OCT2013,17.67
04OCT2013,16.74
07OCT2013,19.41
08OCT2013,20.34
09OCT2013,19.60
10OCT2013,16.48
11OCT2013,15.72
14OCT2013,16.07
15OCT2013,18.66
16OCT2013,14.71
17OCT2013,13.48
18OCT2013,13.04
21OCT2013,13.16
22OCT2013,13.33
23OCT2013,13.42
24OCT2013,13.20
25OCT2013,13.09
28OCT2013,13.31
29OCT2013,13.41
30OCT2013,13.65
31OCT2013,13.75
01NOV2013,13.28
04NOV2013,12.93
05NOV2013,13.27
06NOV2013,12.67
07NOV2013,13.91
08NOV2013,12.90
11NOV2013,12.53
12NOV2013,12.82
13NOV2013,12.52
14NOV2013,12.37
15NOV2013,12.19
18NOV2013,13.10
19NOV2013,13.39
20NOV2013,13.40
21NOV2013,12.66
22NOV2013,12.26
25NOV2013,12.79
26NOV2013,12.81
27NOV2013,12.98
29NOV2013,13.70
02DEC2013,14.23
03DEC2013,14.55
04DEC2013,14.70
05DEC2013,15.08
06DEC2013,13.79
09DEC2013,13.49
10DEC2013,13.91
11DEC2013,15.42
12DEC2013,15.54
13DEC2013,15.76
16DEC2013,16.03
17DEC2013,16.21
18DEC2013,13.80
19DEC2013,14.15
20DEC2013,13.79
23DEC2013,13.04
24DEC2013,12.48
26DEC2013,12.33
27DEC2013,12.46
30DEC2013,13.56
31DEC2013,13.72
02JAN2014,14.23
03JAN2014,13.76
06JAN2014,13.55
07JAN2014,12.92
08JAN2014,12.87
09JAN2014,12.89
10JAN2014,12.14
13JAN2014,13.28
14JAN2014,12.28
15JAN2014,12.28
16JAN2014,12.53
17JAN2014,12.44
21JAN2014,12.87
22JAN2014,12.84
23JAN2014,13.77
24JAN2014,18.14
27JAN2014,17.42
28JAN2014,15.80
29JAN2014,17.35
30JAN2014,17.29
31JAN2014,18.41
03FEB2014,21.44
04FEB2014,19.11
05FEB2014,19.95
06FEB2014,17.23
07FEB2014,15.29
10FEB2014,15.26
11FEB2014,14.51
12FEB2014,14.30
13FEB2014,14.14
14FEB2014,13.57
18FEB2014,13.87
19FEB2014,15.50
20FEB2014,14.79
21FEB2014,14.68
24FEB2014,14.23
25FEB2014,13.67
26FEB2014,14.35
27FEB2014,14.04
28FEB2014,14.00
03MAR2014,16.00
04MAR2014,14.10
05MAR2014,13.89
06MAR2014,14.21
07MAR2014,14.11
10MAR2014,14.20
11MAR2014,14.80
12MAR2014,14.47
13MAR2014,16.22
14MAR2014,17.82
17MAR2014,15.64
18MAR2014,14.52
19MAR2014,15.12
20MAR2014,14.52
21MAR2014,15.00
24MAR2014,15.09
25MAR2014,14.02
26MAR2014,14.93
27MAR2014,14.62
28MAR2014,14.41
31MAR2014,13.88
01APR2014,13.10
02APR2014,13.09
03APR2014,13.37
04APR2014,13.96
07APR2014,15.57
08APR2014,14.89
09APR2014,13.82
10APR2014,15.89
11APR2014,17.03
14APR2014,16.11
15APR2014,15.61
16APR2014,14.18
17APR2014,13.36
21APR2014,13.25
22APR2014,13.19
23APR2014,13.27
24APR2014,13.32
25APR2014,14.06
28APR2014,13.97
29APR2014,13.71
30APR2014,13.41
01MAY2014,13.25
02MAY2014,12.91
05MAY2014,13.29
06MAY2014,13.80
07MAY2014,13.40
08MAY2014,13.43
09MAY2014,12.92
12MAY2014,12.23
13MAY2014,12.13
14MAY2014,12.17
15MAY2014,13.17
16MAY2014,12.44
19MAY2014,12.42
20MAY2014,12.96
21MAY2014,11.91
22MAY2014,12.03
23MAY2014,11.36
27MAY2014,11.51
28MAY2014,11.68
29MAY2014,11.57
30MAY2014,11.40
02JUN2014,11.58
03JUN2014,11.87
04JUN2014,12.08
05JUN2014,11.68
06JUN2014,10.73
09JUN2014,11.15
10JUN2014,10.99
11JUN2014,11.60
12JUN2014,12.56
13JUN2014,12.18
16JUN2014,12.65
17JUN2014,12.06
18JUN2014,10.61
19JUN2014,10.62
20JUN2014,10.85
23JUN2014,10.98
24JUN2014,12.13
25JUN2014,11.59
26JUN2014,11.63
27JUN2014,11.26
30JUN2014,11.57
01JUL2014,11.15
02JUL2014,10.82
03JUL2014,10.32
07JUL2014,11.33
08JUL2014,11.98
09JUL2014,11.65
10JUL2014,12.59
11JUL2014,12.08
14JUL2014,11.82
15JUL2014,11.96
16JUL2014,11.00
17JUL2014,14.54
18JUL2014,12.06
21JUL2014,12.81
22JUL2014,12.24
23JUL2014,11.52
24JUL2014,11.84
25JUL2014,12.69
28JUL2014,12.56
29JUL2014,13.28
30JUL2014,13.33
31JUL2014,16.95
01AUG2014,17.03
04AUG2014,15.12
05AUG2014,16.87
06AUG2014,16.37
07AUG2014,16.66
08AUG2014,15.77
11AUG2014,14.23
12AUG2014,14.13
13AUG2014,12.90
14AUG2014,12.42
15AUG2014,13.15
18AUG2014,12.32
19AUG2014,12.21
20AUG2014,11.78
21AUG2014,11.76
22AUG2014,11.47
25AUG2014,11.70
26AUG2014,11.63
27AUG2014,11.78
28AUG2014,12.05
29AUG2014,11.98
02SEP2014,12.25
03SEP2014,12.36
04SEP2014,12.64
05SEP2014,12.09
08SEP2014,12.66
09SEP2014,13.50
10SEP2014,12.88
11SEP2014,12.80
12SEP2014,13.31
15SEP2014,14.12
16SEP2014,12.73
17SEP2014,12.65
18SEP2014,12.03
19SEP2014,12.11
22SEP2014,13.69
23SEP2014,14.93
24SEP2014,13.27
25SEP2014,15.64
26SEP2014,14.85
29SEP2014,15.98
30SEP2014,16.31
01OCT2014,16.71
02OCT2014,16.16
03OCT2014,14.55
06OCT2014,15.46
07OCT2014,17.20
08OCT2014,15.11
09OCT2014,18.76
10OCT2014,21.24
13OCT2014,24.64
14OCT2014,22.79
15OCT2014,26.25
16OCT2014,25.20
17OCT2014,21.99
20OCT2014,18.57
21OCT2014,16.08
22OCT2014,17.87
23OCT2014,16.53
24OCT2014,16.11
27OCT2014,16.04
28OCT2014,14.39
29OCT2014,15.15
30OCT2014,14.52
31OCT2014,14.03
03NOV2014,14.73
04NOV2014,14.89
05NOV2014,14.17
06NOV2014,13.67
07NOV2014,13.12
10NOV2014,12.67
11NOV2014,12.92
12NOV2014,13.02
13NOV2014,13.79
14NOV2014,13.31
17NOV2014,13.99
18NOV2014,13.86
19NOV2014,13.96
20NOV2014,13.58
21NOV2014,12.90
24NOV2014,12.62
25NOV2014,12.25
26NOV2014,12.07
28NOV2014,13.33
01DEC2014,14.29
02DEC2014,12.85
03DEC2014,12.47
04DEC2014,12.38
05DEC2014,11.82
08DEC2014,14.21
09DEC2014,14.89
10DEC2014,18.53
11DEC2014,20.08
12DEC2014,21.08
15DEC2014,20.42
16DEC2014,23.57
17DEC2014,19.44
18DEC2014,16.81
19DEC2014,16.49
22DEC2014,15.25
23DEC2014,14.80
24DEC2014,14.37
26DEC2014,14.50
29DEC2014,15.06
30DEC2014,15.92
31DEC2014,19.20
02JAN2015,17.79
05JAN2015,19.92
06JAN2015,21.12
07JAN2015,19.31
08JAN2015,17.01
09JAN2015,17.55
12JAN2015,19.60
13JAN2015,20.56
14JAN2015,21.48
15JAN2015,22.39
16JAN2015,20.95
20JAN2015,19.89
21JAN2015,18.85
22JAN2015,16.40
23JAN2015,16.66
26JAN2015,15.52
27JAN2015,17.22
28JAN2015,20.44
29JAN2015,18.76
30JAN2015,20.97
02FEB2015,19.43
03FEB2015,17.33
04FEB2015,18.33
05FEB2015,16.85
06FEB2015,17.29
09FEB2015,18.55
10FEB2015,17.23
11FEB2015,16.96
12FEB2015,15.34
13FEB2015,14.69
17FEB2015,15.80
18FEB2015,15.45
19FEB2015,15.29
20FEB2015,14.30
23FEB2015,14.56
24FEB2015,13.69
25FEB2015,13.84
26FEB2015,13.91
27FEB2015,13.34
02MAR2015,13.04
03MAR2015,13.86
04MAR2015,14.23
05MAR2015,14.04
06MAR2015,15.20
09MAR2015,15.06
10MAR2015,16.69
11MAR2015,16.87
12MAR2015,15.42
13MAR2015,16.00
16MAR2015,15.61
17MAR2015,15.66
18MAR2015,13.97
19MAR2015,14.07
20MAR2015,13.02
23MAR2015,13.41
24MAR2015,13.62
25MAR2015,15.44
26MAR2015,15.80
27MAR2015,15.07
30MAR2015,14.51
31MAR2015,15.29
01APR2015,15.11
02APR2015,14.67
06APR2015,14.74
07APR2015,14.78
08APR2015,13.98
09APR2015,13.09
10APR2015,12.58
13APR2015,13.94
14APR2015,13.67
15APR2015,12.84
16APR2015,12.60
17APR2015,13.89
20APR2015,13.30
21APR2015,13.25
22APR2015,12.71
23APR2015,12.48
24APR2015,12.29
27APR2015,13.12
28APR2015,12.41
29APR2015,13.39
30APR2015,14.55
01MAY2015,12.70
04MAY2015,12.85
05MAY2015,14.31
06MAY2015,15.15
07MAY2015,15.13
08MAY2015,12.86
11MAY2015,13.85
12MAY2015,13.86
13MAY2015,13.76
14MAY2015,12.74
15MAY2015,12.38
18MAY2015,12.73
19MAY2015,12.85
20MAY2015,12.88
21MAY2015,12.11
22MAY2015,12.13
26MAY2015,14.06
27MAY2015,13.27
28MAY2015,13.31
29MAY2015,13.84
01JUN2015,13.97
02JUN2015,14.24
03JUN2015,13.66
04JUN2015,14.71
05JUN2015,14.21
08JUN2015,15.29
09JUN2015,14.47
10JUN2015,13.22
11JUN2015,12.85
12JUN2015,13.78
15JUN2015,15.39
16JUN2015,14.81
17JUN2015,14.50
18JUN2015,13.19
19JUN2015,13.96
22JUN2015,12.74
23JUN2015,12.11
24JUN2015,13.26
25JUN2015,14.01
26JUN2015,14.02
29JUN2015,18.85
30JUN2015,18.23
01JUL2015,16.09
02JUL2015,16.79
06JUL2015,17.01
07JUL2015,16.09
08JUL2015,19.66
09JUL2015,19.97
10JUL2015,16.83
13JUL2015,13.90
14JUL2015,13.37
15JUL2015,13.23
16JUL2015,12.11
17JUL2015,11.95
20JUL2015,12.25
21JUL2015,12.22
22JUL2015,12.12
23JUL2015,12.64
24JUL2015,13.74
27JUL2015,15.60
28JUL2015,13.44
29JUL2015,12.50
30JUL2015,12.13
31JUL2015,12.12
03AUG2015,12.56
04AUG2015,13.00
05AUG2015,12.51
06AUG2015,13.77
07AUG2015,13.39
10AUG2015,12.23
11AUG2015,13.71
12AUG2015,13.61
13AUG2015,13.49
14AUG2015,12.83
17AUG2015,13.02
18AUG2015,13.79
19AUG2015,15.25
20AUG2015,19.14
21AUG2015,28.03
24AUG2015,40.74
25AUG2015,36.02
26AUG2015,30.32
27AUG2015,26.10
28AUG2015,26.05
31AUG2015,28.43
01SEP2015,31.40
02SEP2015,26.09
03SEP2015,25.61
04SEP2015,27.80
08SEP2015,24.90
09SEP2015,26.23
10SEP2015,24.37
11SEP2015,23.20
14SEP2015,24.25
15SEP2015,22.54
16SEP2015,21.35
17SEP2015,21.14
18SEP2015,22.28
21SEP2015,20.14
22SEP2015,22.44
23SEP2015,22.13
24SEP2015,23.47
25SEP2015,23.62
28SEP2015,27.63
29SEP2015,26.83
30SEP2015,24.50
01OCT2015,22.55
02OCT2015,20.94
05OCT2015,19.54
06OCT2015,19.40
07OCT2015,18.40
08OCT2015,17.42
09OCT2015,17.08
12OCT2015,16.17
13OCT2015,17.67
14OCT2015,18.03
15OCT2015,16.05
16OCT2015,15.05
19OCT2015,14.98
20OCT2015,15.75
21OCT2015,16.70
22OCT2015,14.45
23OCT2015,14.46
26OCT2015,15.29
27OCT2015,15.43
28OCT2015,14.33
29OCT2015,14.61
30OCT2015,15.07
02NOV2015,14.15
03NOV2015,14.54
04NOV2015,15.51
05NOV2015,15.05
06NOV2015,14.33
09NOV2015,16.52
10NOV2015,15.29
11NOV2015,16.06
12NOV2015,18.37
13NOV2015,20.08
16NOV2015,18.16
17NOV2015,18.84
18NOV2015,16.85
19NOV2015,16.99
20NOV2015,15.47
23NOV2015,15.62
24NOV2015,15.93
25NOV2015,15.19
27NOV2015,15.12
30NOV2015,16.13
01DEC2015,14.67
02DEC2015,15.91
03DEC2015,18.11
04DEC2015,14.81
07DEC2015,15.84
08DEC2015,17.60
09DEC2015,19.61
10DEC2015,19.34
11DEC2015,24.39
14DEC2015,22.73
15DEC2015,20.95
16DEC2015,17.86
17DEC2015,18.94
18DEC2015,20.70
21DEC2015,18.70
22DEC2015,16.60
23DEC2015,15.57
24DEC2015,15.74
28DEC2015,16.91
29DEC2015,16.08
30DEC2015,17.29
31DEC2015,18.21
04JAN2016,20.70
05JAN2016,19.34
06JAN2016,20.59
07JAN2016,24.99
08JAN2016,27.01
11JAN2016,24.30
12JAN2016,22.47
13JAN2016,25.22
14JAN2016,23.95
15JAN2016,27.02
19JAN2016,26.05
20JAN2016,27.59
21JAN2016,26.69
22JAN2016,22.34
25JAN2016,24.15
26JAN2016,22.50
27JAN2016,23.11
28JAN2016,22.42
29JAN2016,20.20
01FEB2016,19.98
02FEB2016,21.98
03FEB2016,21.65
04FEB2016,21.84
05FEB2016,23.38
08FEB2016,26.00
09FEB2016,26.54
10FEB2016,26.29
11FEB2016,28.14
12FEB2016,25.40
16FEB2016,24.11
17FEB2016,22.31
18FEB2016,21.64
19FEB2016,20.53
22FEB2016,19.38
23FEB2016,20.98
24FEB2016,20.72
25FEB2016,19.11
26FEB2016,19.81
29FEB2016,20.55
01MAR2016,17.70
02MAR2016,17.09
03MAR2016,16.70
04MAR2016,16.86
07MAR2016,17.35
08MAR2016,18.67
09MAR2016,18.34
10MAR2016,18.05
11MAR2016,16.50
14MAR2016,16.92
15MAR2016,16.84
16MAR2016,14.99
17MAR2016,14.44
18MAR2016,14.02
21MAR2016,13.79
22MAR2016,14.17
23MAR2016,14.94
24MAR2016,14.74
28MAR2016,15.24
29MAR2016,13.82
30MAR2016,13.56
31MAR2016,13.95
01APR2016,13.10
04APR2016,14.12
05APR2016,15.42
06APR2016,14.09
07APR2016,16.16
08APR2016,15.36
11APR2016,16.26
12APR2016,14.85
13APR2016,13.84
14APR2016,13.72
15APR2016,13.62
18APR2016,13.35
19APR2016,13.24
20APR2016,13.28
21APR2016,13.95
22APR2016,13.22
25APR2016,14.08
26APR2016,13.96
27APR2016,13.77
28APR2016,15.22
29APR2016,15.70
02MAY2016,14.68
03MAY2016,15.60
04MAY2016,16.05
05MAY2016,15.91
06MAY2016,14.72
09MAY2016,14.57
10MAY2016,13.63
11MAY2016,14.69
12MAY2016,14.41
13MAY2016,15.04
16MAY2016,14.68
17MAY2016,15.57
18MAY2016,15.95
19MAY2016,16.33
20MAY2016,15.20
23MAY2016,15.82
24MAY2016,14.42
25MAY2016,13.90
26MAY2016,13.43
27MAY2016,13.12
31MAY2016,14.19
01JUN2016,14.20
02JUN2016,13.63
03JUN2016,13.47
06JUN2016,13.65
07JUN2016,14.05
08JUN2016,14.08
09JUN2016,14.64
10JUN2016,17.03
13JUN2016,20.97
14JUN2016,20.50
15JUN2016,20.14
16JUN2016,19.37
17JUN2016,19.41
20JUN2016,18.37
21JUN2016,18.48
22JUN2016,21.17
23JUN2016,17.25
24JUN2016,25.76
27JUN2016,23.85
28JUN2016,18.75
29JUN2016,16.64
30JUN2016,15.63
01JUL2016,14.77
05JUL2016,15.58
06JUL2016,14.96
07JUL2016,14.76
08JUL2016,13.20
11JUL2016,13.54
12JUL2016,13.55
13JUL2016,13.04
14JUL2016,12.82
15JUL2016,12.67
18JUL2016,12.44
19JUL2016,11.97
20JUL2016,11.77
21JUL2016,12.74
22JUL2016,12.02
25JUL2016,12.87
26JUL2016,13.05
27JUL2016,12.83
28JUL2016,12.72
29JUL2016,11.87
01AUG2016,12.44
02AUG2016,13.37
03AUG2016,12.86
04AUG2016,12.42
05AUG2016,11.39
08AUG2016,11.50
09AUG2016,11.66
10AUG2016,12.05
11AUG2016,11.68
12AUG2016,11.55
15AUG2016,11.81
16AUG2016,12.64
17AUG2016,12.19
18AUG2016,11.43
19AUG2016,11.34
22AUG2016,12.27
23AUG2016,12.38
24AUG2016,13.45
25AUG2016,13.63
26AUG2016,13.65
29AUG2016,12.94
30AUG2016,13.12
31AUG2016,13.42
01SEP2016,13.48
02SEP2016,11.98
06SEP2016,12.02
07SEP2016,11.94
08SEP2016,12.51
09SEP2016,17.50
12SEP2016,15.16
13SEP2016,17.85
14SEP2016,18.14
15SEP2016,16.30
16SEP2016,15.37
19SEP2016,15.53
20SEP2016,15.92
21SEP2016,13.30
22SEP2016,12.02
23SEP2016,12.29
26SEP2016,14.50
27SEP2016,13.10
28SEP2016,12.39
29SEP2016,14.02
30SEP2016,13.29
03OCT2016,13.57
04OCT2016,13.63
05OCT2016,12.99
06OCT2016,12.84
07OCT2016,13.48
10OCT2016,13.38
11OCT2016,15.36
12OCT2016,15.91
13OCT2016,16.69
14OCT2016,16.12
17OCT2016,16.21
18OCT2016,15.28
19OCT2016,14.41
20OCT2016,13.75
21OCT2016,13.34
24OCT2016,13.02
25OCT2016,13.46
26OCT2016,14.24
27OCT2016,15.36
28OCT2016,16.19
31OCT2016,17.06
01NOV2016,18.56
02NOV2016,19.32
03NOV2016,22.08
04NOV2016,22.51
07NOV2016,18.71
08NOV2016,18.74
09NOV2016,14.38
10NOV2016,14.74
11NOV2016,14.17
14NOV2016,14.48
15NOV2016,13.37
16NOV2016,13.72
17NOV2016,13.35
18NOV2016,12.85
21NOV2016,12.42
22NOV2016,12.41
23NOV2016,12.43
25NOV2016,12.34
28NOV2016,13.15
29NOV2016,12.90
30NOV2016,13.33
01DEC2016,14.07
02DEC2016,14.12
05DEC2016,12.14
06DEC2016,11.79
07DEC2016,12.22
08DEC2016,12.64
09DEC2016,11.75
12DEC2016,12.64
13DEC2016,12.72
14DEC2016,13.19
15DEC2016,12.79
16DEC2016,12.20
19DEC2016,11.71
20DEC2016,11.45
21DEC2016,11.27
22DEC2016,11.43
23DEC2016,11.44
27DEC2016,11.99
28DEC2016,12.95
29DEC2016,13.37
30DEC2016,14.04
03JAN2017,12.85
04JAN2017,11.85
05JAN2017,11.67
06JAN2017,11.32
09JAN2017,11.56
10JAN2017,11.49
11JAN2017,11.26
12JAN2017,11.54
13JAN2017,11.23
17JAN2017,11.87
18JAN2017,12.48
19JAN2017,12.78
20JAN2017,11.54
23JAN2017,11.77
24JAN2017,11.07
25JAN2017,10.81
26JAN2017,10.63
27JAN2017,10.58
30JAN2017,11.88
31JAN2017,11.99
01FEB2017,11.81
02FEB2017,11.93
03FEB2017,10.97
06FEB2017,11.37
07FEB2017,11.29
08FEB2017,11.45
09FEB2017,10.88
10FEB2017,10.85
13FEB2017,11.07
14FEB2017,10.74
15FEB2017,11.97
16FEB2017,11.76
17FEB2017,11.49
21FEB2017,11.57
22FEB2017,11.74
23FEB2017,11.71
24FEB2017,11.47
27FEB2017,12.09
28FEB2017,12.92
01MAR2017,12.54
02MAR2017,11.81
03MAR2017,10.96
06MAR2017,11.24
07MAR2017,11.45
08MAR2017,11.86
09MAR2017,12.30
10MAR2017,11.66
13MAR2017,11.35
14MAR2017,12.30
15MAR2017,11.63
16MAR2017,11.21
17MAR2017,11.28
20MAR2017,11.34
21MAR2017,12.47
22MAR2017,12.81
23MAR2017,13.12
24MAR2017,12.96
27MAR2017,12.50
28MAR2017,11.53
29MAR2017,11.42
30MAR2017,11.54
31MAR2017,12.37
03APR2017,12.38
04APR2017,11.79
05APR2017,12.89
06APR2017,12.39
07APR2017,12.87
10APR2017,14.05
11APR2017,15.07
12APR2017,15.77
13APR2017,15.96
17APR2017,14.66
18APR2017,14.42
19APR2017,14.93
20APR2017,14.15
21APR2017,14.63
24APR2017,10.84
25APR2017,10.76
26APR2017,10.85
27APR2017,10.36
28APR2017,10.82
01MAY2017,10.11
02MAY2017,10.59
03MAY2017,10.68
04MAY2017,10.46
05MAY2017,10.57
08MAY2017,9.77
09MAY2017,9.96
10MAY2017,10.21
11MAY2017,10.60
12MAY2017,10.40
15MAY2017,10.42
16MAY2017,10.65
17MAY2017,15.59
18MAY2017,14.66
19MAY2017,12.04
22MAY2017,10.93
23MAY2017,10.72
24MAY2017,10.02
25MAY2017,9.99
26MAY2017,9.81
30MAY2017,10.38
31MAY2017,10.41
01JUN2017,9.89
02JUN2017,9.75
05JUN2017,10.07
06JUN2017,10.45
07JUN2017,10.39
08JUN2017,10.16
09JUN2017,10.70
12JUN2017,11.46
13JUN2017,10.42
14JUN2017,10.64
15JUN2017,10.90
16JUN2017,10.38
19JUN2017,10.37
20JUN2017,10.86
21JUN2017,10.75
22JUN2017,10.48
23JUN2017,10.02
26JUN2017,9.90
27JUN2017,11.06
28JUN2017,10.03
29JUN2017,11.44
30JUN2017,11.18
03JUL2017,11.22
05JUL2017,11.07
06JUL2017,12.54
07JUL2017,11.19
10JUL2017,11.11
11JUL2017,10.89
12JUL2017,10.30
13JUL2017,9.90
14JUL2017,9.51
17JUL2017,9.82
18JUL2017,9.89
19JUL2017,9.79
20JUL2017,9.58
21JUL2017,9.36
24JUL2017,9.43
25JUL2017,9.43
26JUL2017,9.60
27JUL2017,10.11
28JUL2017,10.29
31JUL2017,10.26
01AUG2017,10.09
02AUG2017,10.28
03AUG2017,10.44
04AUG2017,10.03
07AUG2017,9.93
08AUG2017,10.96
09AUG2017,11.11
10AUG2017,16.04
11AUG2017,15.51
14AUG2017,12.33
15AUG2017,12.04
16AUG2017,11.74
17AUG2017,15.55
18AUG2017,14.26
21AUG2017,13.19
22AUG2017,11.35
23AUG2017,12.25
24AUG2017,12.23
25AUG2017,11.28
28AUG2017,11.32
29AUG2017,11.70
30AUG2017,11.22
31AUG2017,10.59
01SEP2017,10.13
05SEP2017,12.23
06SEP2017,11.63
07SEP2017,11.55
08SEP2017,12.12
11SEP2017,10.73
12SEP2017,10.58
13SEP2017,10.50
14SEP2017,10.44
15SEP2017,10.17
18SEP2017,10.15
19SEP2017,10.18
20SEP2017,9.78
21SEP2017,9.67
22SEP2017,9.59
25SEP2017,10.21
26SEP2017,10.17
27SEP2017,9.87
28SEP2017,9.55
29SEP2017,9.51
02OCT2017,9.45
03OCT2017,9.51
04OCT2017,9.63
05OCT2017,9.19
06OCT2017,9.65
09OCT2017,10.33
10OCT2017,10.08
11OCT2017,9.85
12OCT2017,9.91
13OCT2017,9.61
16OCT2017,9.91
17OCT2017,10.31
18OCT2017,10.07
19OCT2017,10.05
20OCT2017,9.97
23OCT2017,11.07
24OCT2017,11.16
25OCT2017,11.23
26OCT2017,11.30
27OCT2017,9.80
30OCT2017,10.50
31OCT2017,10.18
01NOV2017,10.20
02NOV2017,9.93
03NOV2017,9.14
06NOV2017,9.40
07NOV2017,9.89
08NOV2017,9.78
09NOV2017,10.50
10NOV2017,11.29
13NOV2017,11.50
14NOV2017,11.59
15NOV2017,13.13
16NOV2017,11.76
17NOV2017,11.43
20NOV2017,10.65
21NOV2017,9.73
22NOV2017,9.88
24NOV2017,9.67
27NOV2017,9.87
28NOV2017,10.03
29NOV2017,10.70
30NOV2017,11.28
01DEC2017,11.43
04DEC2017,11.68
05DEC2017,11.33
06DEC2017,11.02
07DEC2017,10.16
08DEC2017,9.58
11DEC2017,9.34
12DEC2017,9.92
13DEC2017,10.18
14DEC2017,10.49
15DEC2017,9.42
18DEC2017,9.53
19DEC2017,10.03
20DEC2017,9.72
21DEC2017,9.62
22DEC2017,9.90
26DEC2017,10.25
27DEC2017,10.47
28DEC2017,10.18
29DEC2017,11.04
